INSERT INTO Users VALUES (35818120, 'aSTCRTYVbI', 'GluHQB', 'R', 'PVwYhN', 'fhv@pitt.edu');
INSERT INTO Users VALUES (19060961, 'wXVUhfPihB', 'EnVuVm', 'P', 'lEhWkg', 'dtr@pitt.edu');
INSERT INTO Users VALUES (53710018, 'rcMCYPPDNE', 'DyDRhR', 'F', 'XNWojV', 'npn@pitt.edu');
INSERT INTO Users VALUES (10103089, 'jATzFBoxlk', 'XfeHFF', 'B', 'fFFlnd', 'lfv@pitt.edu');
INSERT INTO Users VALUES (98205682, 'oRpCfMEzGl', 'avXjBS', 'M', 'YsDjEW', 'igl@pitt.edu');
INSERT INTO Users VALUES (77607997, 'eHarhFoWrC', 'Ddmpgi', 'K', 'dGwkvp', 'mtt@pitt.edu');
INSERT INTO Users VALUES (80289401, 'afqpnyhukq', 'fuZEqB', 'R', 'UGaiaN', 'wmc@pitt.edu');
INSERT INTO Users VALUES (72831530, 'wbQSJtDotI', 'qdrwbx', 'E', 'xuhrfr', 'fzl@pitt.edu');
INSERT INTO Users VALUES (10978865, 'mGwVgUxofK', 'DgdxjP', 'Q', 'ddtJXX', 'alz@pitt.edu');
INSERT INTO Users VALUES (11733028, 'HJjmrOcWmt', 'pBqrBO', 'B', 'sOWSFd', 'gqv@pitt.edu');
INSERT INTO Users VALUES (91712518, 'AxRLgJMjdo', 'yphRUh', 'X', 'OTSXvo', 'bbl@pitt.edu');
INSERT INTO Users VALUES (47865396, 'OguapJTPWD', 'bDsNrI', 'Y', 'abopKl', 'iuy@pitt.edu');
INSERT INTO Users VALUES (92090725, 'GcqVLVpwol', 'mAsOAQ', 'U', 'HAqaYK', 'nnj@pitt.edu');
INSERT INTO Users VALUES (83601375, 'GKwYHUSKrt', 'xXagAO', 'U', 'jThOyS', 'jhv@pitt.edu');
INSERT INTO Users VALUES (15605570, 'xCZgZiWidY', 'UNBHXf', 'R', 'UQOfCB', 'isy@pitt.edu');
INSERT INTO Users VALUES (56387722, 'uOhGZwcmLR', 'OkDKHB', 'V', 'qZdAGD', 'xes@pitt.edu');
INSERT INTO Users VALUES (78304851, 'iwZbBGZXhj', 'jnaiJg', 'B', 'QssjOI', 'gaw@pitt.edu');
INSERT INTO Users VALUES (63370045, 'FWpQxdzGuF', 'OPEQvv', 'C', 'pAlZIv', 'wrh@pitt.edu');
INSERT INTO Users VALUES (29514138, 'YtXjciVcuE', 'glSPRX', 'R', 'rAbLAI', 'uha@pitt.edu');
INSERT INTO Users VALUES (40770604, 'IWNbiQqsHP', 'gUjoqy', 'F', 'TtVGrK', 'wff@pitt.edu');
INSERT INTO Users VALUES (72253879, 'YiAsTDKYbf', 'lMFYAH', 'U', 'oKqTgQ', 'rcd@pitt.edu');
INSERT INTO Users VALUES (38426423, 'VuZlzrmRNc', 'fTsShP', 'T', 'HLJFsT', 'zcu@pitt.edu');
INSERT INTO Users VALUES (28725476, 'qNidMIBLID', 'xmAOMd', 'Z', 'JaupVK', 'ojo@pitt.edu');
INSERT INTO Users VALUES (75863796, 'lEtYAiddBe', 'gfczLd', 'V', 'yMaxiT', 'hqv@pitt.edu');
INSERT INTO Users VALUES (51845175, 'RmcVKTeHqp', 'SPpNiH', 'C', 'HQNUCX', 'ili@pitt.edu');
INSERT INTO Users VALUES (85444693, 'uCrlVjfqWR', 'bVARUm', 'K', 'KmABEI', 'tpi@pitt.edu');
INSERT INTO Users VALUES (10026858, 'zFiTTbVeMF', 'BNmbhi', 'R', 'AiMDBu', 'rqc@pitt.edu');
INSERT INTO Users VALUES (31390718, 'UKBKFQRDgl', 'SIuXOl', 'S', 'qzwauY', 'ati@pitt.edu');
INSERT INTO Users VALUES (12383120, 'pwKmGWbUrJ', 'ELTOBD', 'D', 'JhWUdx', 'pgx@pitt.edu');
INSERT INTO Users VALUES (43394595, 'NwPClQdPYm', 'nCxVID', 'L', 'MgMMlr', 'kzx@pitt.edu');
INSERT INTO Users VALUES (45275576, 'OxCnOauOlK', 'LFyQUj', 'U', 'qBCtZU', 'jue@pitt.edu');
INSERT INTO Users VALUES (67441869, 'wXVckEmclL', 'KlkTyO', 'X', 'FBLITn', 'xxq@pitt.edu');
INSERT INTO Users VALUES (16922266, 'KOzFrkYSHO', 'qnlJsB', 'Y', 'pRbtKr', 'nhg@pitt.edu');
INSERT INTO Users VALUES (86078637, 'SCBvHqdvfE', 'ydgyBK', 'G', 'FcIAfH', 'gle@pitt.edu');
INSERT INTO Users VALUES (22358886, 'JoyiVLJGhk', 'LROMPo', 'T', 'kPlXKF', 'oqp@pitt.edu');
INSERT INTO Users VALUES (27409519, 'MVAghVNmfO', 'UwXmCm', 'F', 'IJKrEC', 'oen@pitt.edu');
INSERT INTO Users VALUES (10191253, 'fFfIoWaKxO', 'SOfCju', 'X', 'SXzQea', 'pdx@pitt.edu');
INSERT INTO Users VALUES (23518172, 'GgEMKsemLB', 'KPFRsl', 'B', 'hgcfLH', 'wjy@pitt.edu');
INSERT INTO Users VALUES (84805172, 'NkVFSTSioO', 'pmKFCm', 'I', 'odBcjo', 'lzg@pitt.edu');
INSERT INTO Users VALUES (43615315, 'lFXRJciymG', 'OXQxPl', 'F', 'HlDnSk', 'gyu@pitt.edu');
INSERT INTO Users VALUES (51530651, 'uzvhuctmUY', 'UIDTxd', 'H', 'JsRpMs', 'rax@pitt.edu');
INSERT INTO Users VALUES (69830849, 'MWuoNNvZoi', 'itITVT', 'Z', 'dXRkiZ', 'ono@pitt.edu');
INSERT INTO Users VALUES (46103342, 'nRJDTmwvet', 'OJAZiV', 'O', 'SLoGNi', 'wit@pitt.edu');
INSERT INTO Users VALUES (16668432, 'uiPowpEuMb', 'xfaZnn', 'D', 'HhtNqL', 'cre@pitt.edu');
INSERT INTO Users VALUES (72019732, 'EPLQHbTITY', 'OpwRFN', 'W', 'wWdBEy', 'jrq@pitt.edu');
INSERT INTO Users VALUES (28612531, 'HRrCHixaXJ', 'hmVfui', 'B', 'BdDtPB', 'maz@pitt.edu');
INSERT INTO Users VALUES (95951112, 'OVEklwrFYb', 'tXJiAF', 'L', 'OCBMOQ', 'daa@pitt.edu');
INSERT INTO Users VALUES (35032784, 'ecoZgjoOuS', 'cvdZGu', 'K', 'ygHAyE', 'gzg@pitt.edu');
INSERT INTO Users VALUES (40053648, 'qkSwwSUBfB', 'YAsNXn', 'H', 'uTcOtZ', 'rtm@pitt.edu');
INSERT INTO Users VALUES (48959607, 'TlutEDUEMk', 'WYgXeR', 'E', 'cKSnDJ', 'ncb@pitt.edu');
INSERT INTO Users VALUES (77464151, 'sXaHKvBQOm', 'AItzuT', 'H', 'WoLilt', 'gvh@pitt.edu');
INSERT INTO Users VALUES (77168859, 'mDhakSHwck', 'HqkNNE', 'V', 'NKfiNH', 'ood@pitt.edu');
INSERT INTO Users VALUES (55928230, 'psOPGVgbkZ', 'lcWMFe', 'L', 'WWkdle', 'wuk@pitt.edu');
INSERT INTO Users VALUES (96325602, 'FlZdneRgee', 'BmBvfR', 'H', 'RaUMiM', 'qkv@pitt.edu');
INSERT INTO Users VALUES (41704795, 'YnLDOtCdVd', 'SVyNbg', 'A', 'KtDfIQ', 'evv@pitt.edu');
INSERT INTO Users VALUES (75275770, 'dfTfXmHlIR', 'hrBkRH', 'D', 'QLihCF', 'emw@pitt.edu');
INSERT INTO Users VALUES (16323735, 'gBDPedatMa', 'KgdOcP', 'X', 'tIcOEy', 'mmz@pitt.edu');
INSERT INTO Users VALUES (40939760, 'nTwXxrqVvF', 'iKtvck', 'V', 'xzaHXX', 'sqq@pitt.edu');
INSERT INTO Users VALUES (56614881, 'bZWABzmTMk', 'gMHFjp', 'Z', 'WUFrXj', 'yrz@pitt.edu');
INSERT INTO Users VALUES (24356913, 'ilxdKCmWhM', 'qvKxAl', 'I', 'VYfAdJ', 'dde@pitt.edu');
INSERT INTO Users VALUES (41855555, 'QVRoIesdKa', 'XIUVUY', 'X', 'jOQavN', 'wno@pitt.edu');
INSERT INTO Users VALUES (42218193, 'mMbogOfQfi', 'plcvhi', 'O', 'RhHLcE', 'kac@pitt.edu');
INSERT INTO Users VALUES (38140829, 'eRGJABdRGU', 'xnoEFo', 'T', 'AxZxpO', 'ilz@pitt.edu');
INSERT INTO Users VALUES (68830654, 'easUTcefHe', 'cNposG', 'B', 'dMPGEB', 'wkq@pitt.edu');
INSERT INTO Users VALUES (51737192, 'tBmDGsqVdM', 'qMBaGY', 'S', 'dshvoq', 'dkh@pitt.edu');
INSERT INTO Users VALUES (84925818, 'JCbOOWbrdL', 'fBvDqP', 'W', 'fbBldT', 'ctl@pitt.edu');
INSERT INTO Users VALUES (39829485, 'DGuvEQGNjH', 'ynbWcb', 'R', 'gtVEND', 'ayi@pitt.edu');
INSERT INTO Users VALUES (73310718, 'zWydjxWYqP', 'LTQJXW', 'C', 'voxxNT', 'ceg@pitt.edu');
INSERT INTO Users VALUES (26960865, 'SRIVhMDniN', 'YWnkeR', 'F', 'aOTdQC', 'vwg@pitt.edu');
INSERT INTO Users VALUES (61564979, 'thDJxQQNVW', 'LcVIeR', 'G', 'WvIATb', 'pna@pitt.edu');
INSERT INTO Users VALUES (43725651, 'IVwUqXAPBO', 'tbZQnV', 'X', 'TbgSau', 'xhd@pitt.edu');
INSERT INTO Users VALUES (96562547, 'CTtjRpvezm', 'lMnuns', 'J', 'IzbQfk', 'cdm@pitt.edu');
INSERT INTO Users VALUES (54154967, 'qFgMjIHKsE', 'kQIoxr', 'N', 'xlVxnk', 'lys@pitt.edu');
INSERT INTO Users VALUES (89107630, 'joNUZmdsjQ', 'wwawSN', 'A', 'xxCLUW', 'cmd@pitt.edu');
INSERT INTO Users VALUES (87472926, 'HRfauUvlUF', 'iIVYFl', 'P', 'dyIYof', 'bor@pitt.edu');
INSERT INTO Users VALUES (22286179, 'nHwlmLcJQo', 'PKOTcn', 'I', 'szZWeP', 'qvi@pitt.edu');
INSERT INTO Users VALUES (37550074, 'cHnDogVnDR', 'JHLZpH', 'Z', 'uvweBs', 'gfp@pitt.edu');
INSERT INTO Users VALUES (51172338, 'uxPqJeYIZh', 'fNYfSF', 'J', 'UzgDfk', 'img@pitt.edu');
INSERT INTO Users VALUES (86423389, 'nCFHPEUMDT', 'XfEWMq', 'U', 'kOnbcR', 'rvq@pitt.edu');
INSERT INTO Users VALUES (36638818, 'NRlKIchlZX', 'QhAyWf', 'E', 'pHmSkb', 'nye@pitt.edu');
INSERT INTO Users VALUES (99935988, 'QHhQBRjipx', 'cVGlhy', 'L', 'BxFyFT', 'mxe@pitt.edu');
INSERT INTO Users VALUES (12845833, 'oRDbUvYwjp', 'zuPTpw', 'C', 'kvUBjA', 'myj@pitt.edu');
INSERT INTO Users VALUES (69171759, 'FGGrLZtAyN', 'duAned', 'J', 'supnQC', 'nzy@pitt.edu');
INSERT INTO Users VALUES (91147071, 'YPgoUmFydH', 'KvcJDq', 'R', 'zRPGRx', 'omp@pitt.edu');
INSERT INTO Users VALUES (85746368, 'gbAfhuctGt', 'oSlxmR', 'O', 'MMIuIZ', 'egs@pitt.edu');
INSERT INTO Users VALUES (60167854, 'gTGZuZaXkI', 'MIYcma', 'S', 'jigDpq', 'nat@pitt.edu');
INSERT INTO Users VALUES (28374190, 'lvupamOCBY', 'JlBkWD', 'V', 'QfBrjP', 'sts@pitt.edu');
INSERT INTO Users VALUES (67657169, 'pMUNIAJwJi', 'IElErs', 'H', 'xezFHL', 'cmb@pitt.edu');
INSERT INTO Users VALUES (94762544, 'DSgHJvxmBV', 'ekJXEJ', 'W', 'xGgSBF', 'wwr@pitt.edu');
INSERT INTO Users VALUES (34627669, 'sWzRdrmKYD', 'jSZWWu', 'H', 'KOtFlF', 'opy@pitt.edu');
INSERT INTO Users VALUES (34556237, 'pSokWEsugt', 'WfdbDn', 'X', 'UdxKTM', 'kvb@pitt.edu');
INSERT INTO Users VALUES (41706949, 'wuGkkrbCmM', 'YKanyR', 'F', 'IZxhXA', 'wxh@pitt.edu');
INSERT INTO Users VALUES (93272550, 'sJNIKgsrWh', 'yxEYDs', 'S', 'iAXPUw', 'hls@pitt.edu');
INSERT INTO Users VALUES (53418984, 'DFCFlEvSNn', 'ughgsD', 'B', 'exvTlI', 'snv@pitt.edu');
INSERT INTO Users VALUES (69034544, 'GAhlwLszbC', 'uXShgV', 'B', 'dapboT', 'pff@pitt.edu');
INSERT INTO Users VALUES (34929524, 'fbELQMORnY', 'zUcVdO', 'S', 'kzYAxs', 'rbb@pitt.edu');
INSERT INTO Users VALUES (49079732, 'aapUfpqgec', 'xMXQOu', 'D', 'FwLtYs', 'sxb@pitt.edu');
INSERT INTO Users VALUES (81658869, 'YFZqQtoFfc', 'CymhTH', 'U', 'RFQyNh', 'nxx@pitt.edu');
INSERT INTO Users VALUES (83894295, 'lcItTCRRGq', 'XAsCVZ', 'Z', 'jbpqoQ', 'afq@pitt.edu');
INSERT INTO Users VALUES (78191731, 'avoysjUKIT', 'RpPqyl', 'S', 'IxzIzO', 'ycv@pitt.edu');
INSERT INTO Contact_List VALUES (35818120, 48959607);
INSERT INTO Contact_List VALUES (35818120, 77464151);
INSERT INTO Contact_List VALUES (35818120, 77168859);
INSERT INTO Contact_List VALUES (35818120, 55928230);
INSERT INTO Contact_List VALUES (35818120, 96325602);
INSERT INTO Contact_List VALUES (35818120, 41704795);
INSERT INTO Contact_List VALUES (35818120, 75275770);
INSERT INTO Contact_List VALUES (35818120, 16323735);
INSERT INTO Contact_List VALUES (35818120, 40939760);
INSERT INTO Contact_List VALUES (35818120, 56614881);
INSERT INTO Contact_List VALUES (19060961, 63370045);
INSERT INTO Contact_List VALUES (19060961, 29514138);
INSERT INTO Contact_List VALUES (19060961, 40770604);
INSERT INTO Contact_List VALUES (19060961, 72253879);
INSERT INTO Contact_List VALUES (19060961, 38426423);
INSERT INTO Contact_List VALUES (19060961, 28725476);
INSERT INTO Contact_List VALUES (19060961, 75863796);
INSERT INTO Contact_List VALUES (19060961, 51845175);
INSERT INTO Contact_List VALUES (19060961, 85444693);
INSERT INTO Contact_List VALUES (19060961, 10026858);
INSERT INTO Contact_List VALUES (19060961, 31390718);
INSERT INTO Contact_List VALUES (19060961, 12383120);
INSERT INTO Contact_List VALUES (53710018, 72019732);
INSERT INTO Contact_List VALUES (53710018, 28612531);
INSERT INTO Contact_List VALUES (53710018, 95951112);
INSERT INTO Contact_List VALUES (53710018, 35032784);
INSERT INTO Contact_List VALUES (53710018, 40053648);
INSERT INTO Contact_List VALUES (53710018, 48959607);
INSERT INTO Contact_List VALUES (53710018, 77464151);
INSERT INTO Contact_List VALUES (53710018, 77168859);
INSERT INTO Contact_List VALUES (53710018, 55928230);
INSERT INTO Contact_List VALUES (10103089, 41855555);
INSERT INTO Contact_List VALUES (10103089, 42218193);
INSERT INTO Contact_List VALUES (10103089, 38140829);
INSERT INTO Contact_List VALUES (10103089, 68830654);
INSERT INTO Contact_List VALUES (10103089, 51737192);
INSERT INTO Contact_List VALUES (10103089, 84925818);
INSERT INTO Contact_List VALUES (10103089, 39829485);
INSERT INTO Contact_List VALUES (10103089, 73310718);
INSERT INTO Contact_List VALUES (10103089, 26960865);
INSERT INTO Contact_List VALUES (10103089, 61564979);
INSERT INTO Contact_List VALUES (10103089, 43725651);
INSERT INTO Contact_List VALUES (10103089, 96562547);
INSERT INTO Contact_List VALUES (10103089, 54154967);
INSERT INTO Contact_List VALUES (10103089, 89107630);
INSERT INTO Contact_List VALUES (98205682, 98205682);
INSERT INTO Contact_List VALUES (98205682, 77607997);
INSERT INTO Contact_List VALUES (98205682, 80289401);
INSERT INTO Contact_List VALUES (98205682, 72831530);
INSERT INTO Contact_List VALUES (98205682, 10978865);
INSERT INTO Contact_List VALUES (98205682, 11733028);
INSERT INTO Contact_List VALUES (98205682, 91712518);
INSERT INTO Contact_List VALUES (98205682, 47865396);
INSERT INTO Contact_List VALUES (98205682, 92090725);
INSERT INTO Contact_List VALUES (98205682, 83601375);
INSERT INTO Contact_List VALUES (98205682, 15605570);
INSERT INTO Contact_List VALUES (98205682, 56387722);
INSERT INTO Contact_List VALUES (77607997, 16922266);
INSERT INTO Contact_List VALUES (77607997, 86078637);
INSERT INTO Contact_List VALUES (77607997, 22358886);
INSERT INTO Contact_List VALUES (77607997, 27409519);
INSERT INTO Contact_List VALUES (77607997, 10191253);
INSERT INTO Contact_List VALUES (77607997, 23518172);
INSERT INTO Contact_List VALUES (77607997, 84805172);
INSERT INTO Contact_List VALUES (77607997, 43615315);
INSERT INTO Contact_List VALUES (77607997, 51530651);
INSERT INTO Contact_List VALUES (77607997, 69830849);
INSERT INTO Contact_List VALUES (77607997, 46103342);
INSERT INTO Contact_List VALUES (77607997, 16668432);
INSERT INTO Contact_List VALUES (77607997, 72019732);
INSERT INTO Contact_List VALUES (80289401, 40770604);
INSERT INTO Contact_List VALUES (80289401, 72253879);
INSERT INTO Contact_List VALUES (80289401, 38426423);
INSERT INTO Contact_List VALUES (80289401, 28725476);
INSERT INTO Contact_List VALUES (80289401, 75863796);
INSERT INTO Contact_List VALUES (80289401, 51845175);
INSERT INTO Contact_List VALUES (80289401, 85444693);
INSERT INTO Contact_List VALUES (80289401, 10026858);
INSERT INTO Contact_List VALUES (80289401, 31390718);
INSERT INTO Contact_List VALUES (72831530, 43725651);
INSERT INTO Contact_List VALUES (72831530, 96562547);
INSERT INTO Contact_List VALUES (72831530, 54154967);
INSERT INTO Contact_List VALUES (10978865, 36638818);
INSERT INTO Contact_List VALUES (11733028, 98205682);
INSERT INTO Contact_List VALUES (11733028, 77607997);
INSERT INTO Contact_List VALUES (11733028, 80289401);
INSERT INTO Contact_List VALUES (11733028, 72831530);
INSERT INTO Contact_List VALUES (11733028, 10978865);
INSERT INTO Contact_List VALUES (11733028, 11733028);
INSERT INTO Contact_List VALUES (91712518, 40939760);
INSERT INTO Contact_List VALUES (91712518, 56614881);
INSERT INTO Contact_List VALUES (91712518, 24356913);
INSERT INTO Contact_List VALUES (91712518, 41855555);
INSERT INTO Contact_List VALUES (91712518, 42218193);
INSERT INTO Contact_List VALUES (91712518, 38140829);
INSERT INTO Contact_List VALUES (91712518, 68830654);
INSERT INTO Contact_List VALUES (91712518, 51737192);
INSERT INTO Contact_List VALUES (91712518, 84925818);
INSERT INTO Contact_List VALUES (91712518, 39829485);
INSERT INTO Contact_List VALUES (47865396, 98205682);
INSERT INTO Contact_List VALUES (47865396, 77607997);
INSERT INTO Contact_List VALUES (47865396, 80289401);
INSERT INTO Contact_List VALUES (47865396, 72831530);
INSERT INTO Contact_List VALUES (47865396, 10978865);
INSERT INTO Contact_List VALUES (47865396, 11733028);
INSERT INTO Contact_List VALUES (47865396, 91712518);
INSERT INTO Contact_List VALUES (47865396, 47865396);
INSERT INTO Contact_List VALUES (47865396, 92090725);
INSERT INTO Contact_List VALUES (92090725, 95951112);
INSERT INTO Contact_List VALUES (92090725, 35032784);
INSERT INTO Contact_List VALUES (92090725, 40053648);
INSERT INTO Contact_List VALUES (92090725, 48959607);
INSERT INTO Contact_List VALUES (92090725, 77464151);
INSERT INTO Contact_List VALUES (92090725, 77168859);
INSERT INTO Contact_List VALUES (92090725, 55928230);
INSERT INTO Contact_List VALUES (92090725, 96325602);
INSERT INTO Contact_List VALUES (83601375, 86078637);
INSERT INTO Contact_List VALUES (83601375, 22358886);
INSERT INTO Contact_List VALUES (83601375, 27409519);
INSERT INTO Contact_List VALUES (83601375, 10191253);
INSERT INTO Contact_List VALUES (83601375, 23518172);
INSERT INTO Contact_List VALUES (83601375, 84805172);
INSERT INTO Contact_List VALUES (83601375, 43615315);
INSERT INTO Contact_List VALUES (83601375, 51530651);
INSERT INTO Contact_List VALUES (83601375, 69830849);
INSERT INTO Contact_List VALUES (83601375, 46103342);
INSERT INTO Contact_List VALUES (83601375, 16668432);
INSERT INTO Contact_List VALUES (83601375, 72019732);
INSERT INTO Contact_List VALUES (83601375, 28612531);
INSERT INTO Contact_List VALUES (15605570, 24356913);
INSERT INTO Contact_List VALUES (15605570, 41855555);
INSERT INTO Contact_List VALUES (15605570, 42218193);
INSERT INTO Contact_List VALUES (15605570, 38140829);
INSERT INTO Contact_List VALUES (15605570, 68830654);
INSERT INTO Contact_List VALUES (15605570, 51737192);
INSERT INTO Contact_List VALUES (15605570, 84925818);
INSERT INTO Contact_List VALUES (15605570, 39829485);
INSERT INTO Contact_List VALUES (56387722, 87472926);
INSERT INTO Contact_List VALUES (56387722, 22286179);
INSERT INTO Contact_List VALUES (56387722, 37550074);
INSERT INTO Contact_List VALUES (56387722, 51172338);
INSERT INTO Contact_List VALUES (56387722, 86423389);
INSERT INTO Contact_List VALUES (56387722, 36638818);
INSERT INTO Contact_List VALUES (56387722, 99935988);
INSERT INTO Contact_List VALUES (56387722, 12845833);
INSERT INTO Contact_List VALUES (56387722, 69171759);
INSERT INTO Contact_List VALUES (56387722, 91147071);
INSERT INTO Contact_List VALUES (78304851, 31390718);
INSERT INTO Contact_List VALUES (78304851, 12383120);
INSERT INTO Contact_List VALUES (78304851, 43394595);
INSERT INTO Contact_List VALUES (63370045, 22358886);
INSERT INTO Contact_List VALUES (63370045, 27409519);
INSERT INTO Contact_List VALUES (63370045, 10191253);
INSERT INTO Contact_List VALUES (63370045, 23518172);
INSERT INTO Contact_List VALUES (63370045, 84805172);
INSERT INTO Contact_List VALUES (63370045, 43615315);
INSERT INTO Contact_List VALUES (63370045, 51530651);
INSERT INTO Contact_List VALUES (63370045, 69830849);
INSERT INTO Contact_List VALUES (63370045, 46103342);
INSERT INTO Contact_List VALUES (63370045, 16668432);
INSERT INTO Contact_List VALUES (63370045, 72019732);
INSERT INTO Contact_List VALUES (63370045, 28612531);
INSERT INTO Contact_List VALUES (29514138, 77168859);
INSERT INTO Contact_List VALUES (29514138, 55928230);
INSERT INTO Contact_List VALUES (29514138, 96325602);
INSERT INTO Contact_List VALUES (29514138, 41704795);
INSERT INTO Contact_List VALUES (29514138, 75275770);
INSERT INTO Contact_List VALUES (29514138, 16323735);
INSERT INTO Contact_List VALUES (40770604, 63370045);
INSERT INTO Contact_List VALUES (40770604, 29514138);
INSERT INTO Contact_List VALUES (40770604, 40770604);
INSERT INTO Contact_List VALUES (40770604, 72253879);
INSERT INTO Contact_List VALUES (40770604, 38426423);
INSERT INTO Contact_List VALUES (40770604, 28725476);
INSERT INTO Contact_List VALUES (40770604, 75863796);
INSERT INTO Contact_List VALUES (40770604, 51845175);
INSERT INTO Contact_List VALUES (40770604, 85444693);
INSERT INTO Contact_List VALUES (40770604, 10026858);
INSERT INTO Contact_List VALUES (40770604, 31390718);
INSERT INTO Contact_List VALUES (40770604, 12383120);
INSERT INTO Contact_List VALUES (40770604, 43394595);
INSERT INTO Contact_List VALUES (72253879, 51737192);
INSERT INTO Contact_List VALUES (72253879, 84925818);
INSERT INTO Contact_List VALUES (72253879, 39829485);
INSERT INTO Contact_List VALUES (72253879, 73310718);
INSERT INTO Contact_List VALUES (72253879, 26960865);
INSERT INTO Contact_List VALUES (38426423, 16323735);
INSERT INTO Contact_List VALUES (38426423, 40939760);
INSERT INTO Contact_List VALUES (38426423, 56614881);
INSERT INTO Contact_List VALUES (38426423, 24356913);
INSERT INTO Contact_List VALUES (38426423, 41855555);
INSERT INTO Contact_List VALUES (38426423, 42218193);
INSERT INTO Contact_List VALUES (38426423, 38140829);
INSERT INTO Contact_List VALUES (38426423, 68830654);
INSERT INTO Contact_List VALUES (38426423, 51737192);
INSERT INTO Contact_List VALUES (38426423, 84925818);
INSERT INTO Contact_List VALUES (38426423, 39829485);
INSERT INTO Contact_List VALUES (38426423, 73310718);
INSERT INTO Contact_List VALUES (28725476, 69171759);
INSERT INTO Contact_List VALUES (28725476, 91147071);
INSERT INTO Contact_List VALUES (28725476, 85746368);
INSERT INTO Contact_List VALUES (28725476, 60167854);
INSERT INTO Contact_List VALUES (28725476, 28374190);
INSERT INTO Contact_List VALUES (28725476, 67657169);
INSERT INTO Contact_List VALUES (75863796, 80289401);
INSERT INTO Contact_List VALUES (75863796, 72831530);
INSERT INTO Contact_List VALUES (75863796, 10978865);
INSERT INTO Contact_List VALUES (75863796, 11733028);
INSERT INTO Contact_List VALUES (51845175, 99935988);
INSERT INTO Contact_List VALUES (85444693, 35818120);
INSERT INTO Contact_List VALUES (85444693, 19060961);
INSERT INTO Contact_List VALUES (85444693, 53710018);
INSERT INTO Contact_List VALUES (85444693, 10103089);
INSERT INTO Contact_List VALUES (85444693, 98205682);
INSERT INTO Contact_List VALUES (85444693, 77607997);
INSERT INTO Contact_List VALUES (10026858, 77464151);
INSERT INTO Contact_List VALUES (10026858, 77168859);
INSERT INTO Contact_List VALUES (10026858, 55928230);
INSERT INTO Contact_List VALUES (10026858, 96325602);
INSERT INTO Contact_List VALUES (10026858, 41704795);
INSERT INTO Contact_List VALUES (10026858, 75275770);
INSERT INTO Contact_List VALUES (10026858, 16323735);
INSERT INTO Contact_List VALUES (10026858, 40939760);
INSERT INTO Contact_List VALUES (31390718, 43615315);
INSERT INTO Contact_List VALUES (31390718, 51530651);
INSERT INTO Contact_List VALUES (31390718, 69830849);
INSERT INTO Contact_List VALUES (12383120, 68830654);
INSERT INTO Contact_List VALUES (12383120, 51737192);
INSERT INTO Contact_List VALUES (12383120, 84925818);
INSERT INTO Contact_List VALUES (12383120, 39829485);
INSERT INTO Contact_List VALUES (12383120, 73310718);
INSERT INTO Contact_List VALUES (12383120, 26960865);
INSERT INTO Contact_List VALUES (12383120, 61564979);
INSERT INTO Contact_List VALUES (43394595, 80289401);
INSERT INTO Contact_List VALUES (43394595, 72831530);
INSERT INTO Contact_List VALUES (43394595, 10978865);
INSERT INTO Contact_List VALUES (43394595, 11733028);
INSERT INTO Contact_List VALUES (43394595, 91712518);
INSERT INTO Contact_List VALUES (43394595, 47865396);
INSERT INTO Contact_List VALUES (43394595, 92090725);
INSERT INTO Contact_List VALUES (43394595, 83601375);
INSERT INTO Contact_List VALUES (43394595, 15605570);
INSERT INTO Contact_List VALUES (43394595, 56387722);
INSERT INTO Contact_List VALUES (43394595, 78304851);
INSERT INTO Contact_List VALUES (43394595, 63370045);
INSERT INTO Contact_List VALUES (43394595, 29514138);
INSERT INTO Contact_List VALUES (45275576, 68830654);
INSERT INTO Contact_List VALUES (45275576, 51737192);
INSERT INTO Contact_List VALUES (45275576, 84925818);
INSERT INTO Contact_List VALUES (45275576, 39829485);
INSERT INTO Contact_List VALUES (45275576, 73310718);
INSERT INTO Contact_List VALUES (45275576, 26960865);
INSERT INTO Contact_List VALUES (67441869, 96325602);
INSERT INTO Contact_List VALUES (16922266, 75275770);
INSERT INTO Contact_List VALUES (16922266, 16323735);
INSERT INTO Contact_List VALUES (16922266, 40939760);
INSERT INTO Contact_List VALUES (16922266, 56614881);
INSERT INTO Contact_List VALUES (16922266, 24356913);
INSERT INTO Contact_List VALUES (16922266, 41855555);
INSERT INTO Contact_List VALUES (16922266, 42218193);
INSERT INTO Contact_List VALUES (16922266, 38140829);
INSERT INTO Contact_List VALUES (16922266, 68830654);
INSERT INTO Contact_List VALUES (86078637, 35818120);
INSERT INTO Contact_List VALUES (86078637, 19060961);
INSERT INTO Contact_List VALUES (86078637, 53710018);
INSERT INTO Contact_List VALUES (86078637, 10103089);
INSERT INTO Contact_List VALUES (86078637, 98205682);
INSERT INTO Contact_List VALUES (22358886, 77607997);
INSERT INTO Contact_List VALUES (27409519, 28612531);
INSERT INTO Contact_List VALUES (10191253, 84925818);
INSERT INTO Contact_List VALUES (10191253, 39829485);
INSERT INTO Contact_List VALUES (10191253, 73310718);
INSERT INTO Contact_List VALUES (10191253, 26960865);
INSERT INTO Contact_List VALUES (10191253, 61564979);
INSERT INTO Contact_List VALUES (10191253, 43725651);
INSERT INTO Contact_List VALUES (10191253, 96562547);
INSERT INTO Contact_List VALUES (10191253, 54154967);
INSERT INTO Contact_List VALUES (10191253, 89107630);
INSERT INTO Contact_List VALUES (10191253, 87472926);
INSERT INTO Contact_List VALUES (23518172, 56614881);
INSERT INTO Contact_List VALUES (23518172, 24356913);
INSERT INTO Contact_List VALUES (23518172, 41855555);
INSERT INTO Contact_List VALUES (23518172, 42218193);
INSERT INTO Contact_List VALUES (23518172, 38140829);
INSERT INTO Contact_List VALUES (84805172, 96562547);
INSERT INTO Contact_List VALUES (84805172, 54154967);
INSERT INTO Contact_List VALUES (84805172, 89107630);
INSERT INTO Contact_List VALUES (84805172, 87472926);
INSERT INTO Contact_List VALUES (84805172, 22286179);
INSERT INTO Contact_List VALUES (84805172, 37550074);
INSERT INTO Contact_List VALUES (84805172, 51172338);
INSERT INTO Contact_List VALUES (84805172, 86423389);
INSERT INTO Contact_List VALUES (84805172, 36638818);
INSERT INTO Contact_List VALUES (84805172, 99935988);
INSERT INTO Contact_List VALUES (43615315, 84925818);
INSERT INTO Contact_List VALUES (43615315, 39829485);
INSERT INTO Contact_List VALUES (43615315, 73310718);
INSERT INTO Contact_List VALUES (43615315, 26960865);
INSERT INTO Contact_List VALUES (43615315, 61564979);
INSERT INTO Contact_List VALUES (43615315, 43725651);
INSERT INTO Contact_List VALUES (43615315, 96562547);
INSERT INTO Contact_List VALUES (43615315, 54154967);
INSERT INTO Contact_List VALUES (43615315, 89107630);
INSERT INTO Contact_List VALUES (43615315, 87472926);
INSERT INTO Contact_List VALUES (43615315, 22286179);
INSERT INTO Contact_List VALUES (43615315, 37550074);
INSERT INTO Contact_List VALUES (43615315, 51172338);
INSERT INTO Contact_List VALUES (51530651, 98205682);
INSERT INTO Contact_List VALUES (51530651, 77607997);
INSERT INTO Contact_List VALUES (51530651, 80289401);
INSERT INTO Contact_List VALUES (51530651, 72831530);
INSERT INTO Contact_List VALUES (51530651, 10978865);
INSERT INTO Contact_List VALUES (51530651, 11733028);
INSERT INTO Contact_List VALUES (51530651, 91712518);
INSERT INTO Contact_List VALUES (51530651, 47865396);
INSERT INTO Contact_List VALUES (51530651, 92090725);
INSERT INTO Contact_List VALUES (51530651, 83601375);
INSERT INTO Contact_List VALUES (51530651, 15605570);
INSERT INTO Contact_List VALUES (51530651, 56387722);
INSERT INTO Contact_List VALUES (69830849, 61564979);
INSERT INTO Contact_List VALUES (69830849, 43725651);
INSERT INTO Contact_List VALUES (69830849, 96562547);
INSERT INTO Contact_List VALUES (69830849, 54154967);
INSERT INTO Contact_List VALUES (69830849, 89107630);
INSERT INTO Contact_List VALUES (69830849, 87472926);
INSERT INTO Contact_List VALUES (69830849, 22286179);
INSERT INTO Contact_List VALUES (69830849, 37550074);
INSERT INTO Contact_List VALUES (69830849, 51172338);
INSERT INTO Contact_List VALUES (69830849, 86423389);
INSERT INTO Contact_List VALUES (69830849, 36638818);
INSERT INTO Contact_List VALUES (69830849, 99935988);
INSERT INTO Contact_List VALUES (69830849, 12845833);
INSERT INTO Contact_List VALUES (69830849, 69171759);
INSERT INTO Contact_List VALUES (46103342, 16922266);
INSERT INTO Contact_List VALUES (46103342, 86078637);
INSERT INTO Contact_List VALUES (16668432, 43615315);
INSERT INTO Contact_List VALUES (16668432, 51530651);
INSERT INTO Contact_List VALUES (16668432, 69830849);
INSERT INTO Contact_List VALUES (16668432, 46103342);
INSERT INTO Contact_List VALUES (16668432, 16668432);
INSERT INTO Contact_List VALUES (16668432, 72019732);
INSERT INTO Contact_List VALUES (16668432, 28612531);
INSERT INTO Contact_List VALUES (72019732, 41704795);
INSERT INTO Contact_List VALUES (72019732, 75275770);
INSERT INTO Contact_List VALUES (72019732, 16323735);
INSERT INTO Contact_List VALUES (72019732, 40939760);
INSERT INTO Contact_List VALUES (72019732, 56614881);
INSERT INTO Contact_List VALUES (72019732, 24356913);
INSERT INTO Contact_List VALUES (72019732, 41855555);
INSERT INTO Contact_List VALUES (72019732, 42218193);
INSERT INTO Contact_List VALUES (72019732, 38140829);
INSERT INTO Contact_List VALUES (72019732, 68830654);
INSERT INTO Contact_List VALUES (72019732, 51737192);
INSERT INTO Contact_List VALUES (72019732, 84925818);
INSERT INTO Contact_List VALUES (28612531, 72019732);
INSERT INTO Contact_List VALUES (28612531, 28612531);
INSERT INTO Contact_List VALUES (28612531, 95951112);
INSERT INTO Contact_List VALUES (28612531, 35032784);
INSERT INTO Contact_List VALUES (28612531, 40053648);
INSERT INTO Contact_List VALUES (28612531, 48959607);
INSERT INTO Contact_List VALUES (28612531, 77464151);
INSERT INTO Contact_List VALUES (28612531, 77168859);
INSERT INTO Contact_List VALUES (28612531, 55928230);
INSERT INTO Contact_List VALUES (28612531, 96325602);
INSERT INTO Contact_List VALUES (28612531, 41704795);
INSERT INTO Contact_List VALUES (28612531, 75275770);
INSERT INTO Contact_List VALUES (95951112, 72019732);
INSERT INTO Contact_List VALUES (95951112, 28612531);
INSERT INTO Contact_List VALUES (95951112, 95951112);
INSERT INTO Contact_List VALUES (95951112, 35032784);
INSERT INTO Contact_List VALUES (95951112, 40053648);
INSERT INTO Contact_List VALUES (95951112, 48959607);
INSERT INTO Contact_List VALUES (95951112, 77464151);
INSERT INTO Contact_List VALUES (95951112, 77168859);
INSERT INTO Contact_List VALUES (95951112, 55928230);
INSERT INTO Contact_List VALUES (95951112, 96325602);
INSERT INTO Contact_List VALUES (95951112, 41704795);
INSERT INTO Contact_List VALUES (95951112, 75275770);
INSERT INTO Contact_List VALUES (95951112, 16323735);
INSERT INTO Contact_List VALUES (95951112, 40939760);
INSERT INTO Contact_List VALUES (35032784, 10191253);
INSERT INTO Contact_List VALUES (35032784, 23518172);
INSERT INTO Contact_List VALUES (35032784, 84805172);
INSERT INTO Contact_List VALUES (35032784, 43615315);
INSERT INTO Contact_List VALUES (40053648, 91147071);
INSERT INTO Contact_List VALUES (40053648, 85746368);
INSERT INTO Contact_List VALUES (40053648, 60167854);
INSERT INTO Contact_List VALUES (40053648, 28374190);
INSERT INTO Contact_List VALUES (40053648, 67657169);
INSERT INTO Contact_List VALUES (40053648, 94762544);
INSERT INTO Contact_List VALUES (40053648, 34627669);
INSERT INTO Contact_List VALUES (48959607, 89107630);
INSERT INTO Contact_List VALUES (77464151, 98205682);
INSERT INTO Contact_List VALUES (77464151, 77607997);
INSERT INTO Contact_List VALUES (77464151, 80289401);
INSERT INTO Contact_List VALUES (77464151, 72831530);
INSERT INTO Contact_List VALUES (77464151, 10978865);
INSERT INTO Contact_List VALUES (77464151, 11733028);
INSERT INTO Contact_List VALUES (77464151, 91712518);
INSERT INTO Contact_List VALUES (77464151, 47865396);
INSERT INTO Contact_List VALUES (77464151, 92090725);
INSERT INTO Contact_List VALUES (77464151, 83601375);
INSERT INTO Contact_List VALUES (77464151, 15605570);
INSERT INTO Contact_List VALUES (77168859, 22358886);
INSERT INTO Contact_List VALUES (77168859, 27409519);
INSERT INTO Contact_List VALUES (77168859, 10191253);
INSERT INTO Contact_List VALUES (77168859, 23518172);
INSERT INTO Contact_List VALUES (55928230, 83601375);
INSERT INTO Contact_List VALUES (55928230, 15605570);
INSERT INTO Contact_List VALUES (55928230, 56387722);
INSERT INTO Contact_List VALUES (55928230, 78304851);
INSERT INTO Contact_List VALUES (55928230, 63370045);
INSERT INTO Contact_List VALUES (55928230, 29514138);
INSERT INTO Contact_List VALUES (55928230, 40770604);
INSERT INTO Contact_List VALUES (55928230, 72253879);
INSERT INTO Contact_List VALUES (55928230, 38426423);
INSERT INTO Contact_List VALUES (55928230, 28725476);
INSERT INTO Contact_List VALUES (55928230, 75863796);
INSERT INTO Contact_List VALUES (96325602, 72831530);
INSERT INTO Contact_List VALUES (96325602, 10978865);
INSERT INTO Contact_List VALUES (96325602, 11733028);
INSERT INTO Contact_List VALUES (96325602, 91712518);
INSERT INTO Contact_List VALUES (96325602, 47865396);
INSERT INTO Contact_List VALUES (96325602, 92090725);
INSERT INTO Contact_List VALUES (96325602, 83601375);
INSERT INTO Contact_List VALUES (96325602, 15605570);
INSERT INTO Contact_List VALUES (96325602, 56387722);
INSERT INTO Contact_List VALUES (96325602, 78304851);
INSERT INTO Contact_List VALUES (96325602, 63370045);
INSERT INTO Contact_List VALUES (96325602, 29514138);
INSERT INTO Contact_List VALUES (96325602, 40770604);
INSERT INTO Contact_List VALUES (96325602, 72253879);
INSERT INTO Contact_List VALUES (41704795, 78304851);
INSERT INTO Contact_List VALUES (41704795, 63370045);
INSERT INTO Contact_List VALUES (41704795, 29514138);
INSERT INTO Contact_List VALUES (41704795, 40770604);
INSERT INTO Contact_List VALUES (41704795, 72253879);
INSERT INTO Contact_List VALUES (41704795, 38426423);
INSERT INTO Contact_List VALUES (41704795, 28725476);
INSERT INTO Contact_List VALUES (41704795, 75863796);
INSERT INTO Contact_List VALUES (41704795, 51845175);
INSERT INTO Contact_List VALUES (75275770, 29514138);
INSERT INTO Contact_List VALUES (75275770, 40770604);
INSERT INTO Contact_List VALUES (75275770, 72253879);
INSERT INTO Contact_List VALUES (75275770, 38426423);
INSERT INTO Contact_List VALUES (75275770, 28725476);
INSERT INTO Contact_List VALUES (75275770, 75863796);
INSERT INTO Contact_List VALUES (16323735, 72253879);
INSERT INTO Contact_List VALUES (16323735, 38426423);
INSERT INTO Contact_List VALUES (16323735, 28725476);
INSERT INTO Contact_List VALUES (40939760, 99935988);
INSERT INTO Contact_List VALUES (40939760, 12845833);
INSERT INTO Contact_List VALUES (40939760, 69171759);
INSERT INTO Contact_List VALUES (40939760, 91147071);
INSERT INTO Contact_List VALUES (40939760, 85746368);
INSERT INTO Contact_List VALUES (40939760, 60167854);
INSERT INTO Contact_List VALUES (40939760, 28374190);
INSERT INTO Contact_List VALUES (56614881, 40053648);
INSERT INTO Contact_List VALUES (56614881, 48959607);
INSERT INTO Contact_List VALUES (56614881, 77464151);
INSERT INTO Contact_List VALUES (56614881, 77168859);
INSERT INTO Contact_List VALUES (56614881, 55928230);
INSERT INTO Contact_List VALUES (56614881, 96325602);
INSERT INTO Contact_List VALUES (24356913, 56387722);
INSERT INTO Contact_List VALUES (24356913, 78304851);
INSERT INTO Contact_List VALUES (24356913, 63370045);
INSERT INTO Contact_List VALUES (24356913, 29514138);
INSERT INTO Contact_List VALUES (24356913, 40770604);
INSERT INTO Contact_List VALUES (24356913, 72253879);
INSERT INTO Contact_List VALUES (24356913, 38426423);
INSERT INTO Contact_List VALUES (24356913, 28725476);
INSERT INTO Contact_List VALUES (24356913, 75863796);
INSERT INTO Contact_List VALUES (24356913, 51845175);
INSERT INTO Contact_List VALUES (24356913, 85444693);
INSERT INTO Contact_List VALUES (24356913, 10026858);
INSERT INTO Contact_List VALUES (24356913, 31390718);
INSERT INTO Contact_List VALUES (41855555, 67441869);
INSERT INTO Contact_List VALUES (41855555, 16922266);
INSERT INTO Contact_List VALUES (41855555, 86078637);
INSERT INTO Contact_List VALUES (41855555, 22358886);
INSERT INTO Contact_List VALUES (42218193, 43394595);
INSERT INTO Contact_List VALUES (42218193, 45275576);
INSERT INTO Contact_List VALUES (42218193, 67441869);
INSERT INTO Contact_List VALUES (42218193, 16922266);
INSERT INTO Contact_List VALUES (42218193, 86078637);
INSERT INTO Contact_List VALUES (42218193, 22358886);
INSERT INTO Contact_List VALUES (42218193, 27409519);
INSERT INTO Contact_List VALUES (42218193, 10191253);
INSERT INTO Contact_List VALUES (42218193, 23518172);
INSERT INTO Contact_List VALUES (38140829, 80289401);
INSERT INTO Contact_List VALUES (38140829, 72831530);
INSERT INTO Contact_List VALUES (38140829, 10978865);
INSERT INTO Contact_List VALUES (38140829, 11733028);
INSERT INTO Contact_List VALUES (38140829, 91712518);
INSERT INTO Contact_List VALUES (38140829, 47865396);
INSERT INTO Contact_List VALUES (38140829, 92090725);
INSERT INTO Contact_List VALUES (38140829, 83601375);
INSERT INTO Contact_List VALUES (38140829, 15605570);
INSERT INTO Contact_List VALUES (38140829, 56387722);
INSERT INTO Contact_List VALUES (38140829, 78304851);
INSERT INTO Contact_List VALUES (38140829, 63370045);
INSERT INTO Contact_List VALUES (38140829, 29514138);
INSERT INTO Contact_List VALUES (68830654, 37550074);
INSERT INTO Contact_List VALUES (68830654, 51172338);
INSERT INTO Contact_List VALUES (68830654, 86423389);
INSERT INTO Contact_List VALUES (68830654, 36638818);
INSERT INTO Contact_List VALUES (68830654, 99935988);
INSERT INTO Contact_List VALUES (68830654, 12845833);
INSERT INTO Contact_List VALUES (68830654, 69171759);
INSERT INTO Contact_List VALUES (68830654, 91147071);
INSERT INTO Contact_List VALUES (68830654, 85746368);
INSERT INTO Contact_List VALUES (68830654, 60167854);
INSERT INTO Contact_List VALUES (68830654, 28374190);
INSERT INTO Contact_List VALUES (68830654, 67657169);
INSERT INTO Contact_List VALUES (51737192, 77168859);
INSERT INTO Contact_List VALUES (51737192, 55928230);
INSERT INTO Contact_List VALUES (51737192, 96325602);
INSERT INTO Contact_List VALUES (51737192, 41704795);
INSERT INTO Contact_List VALUES (51737192, 75275770);
INSERT INTO Contact_List VALUES (84925818, 85746368);
INSERT INTO Contact_List VALUES (84925818, 60167854);
INSERT INTO Contact_List VALUES (84925818, 28374190);
INSERT INTO Contact_List VALUES (84925818, 67657169);
INSERT INTO Contact_List VALUES (84925818, 94762544);
INSERT INTO Contact_List VALUES (84925818, 34627669);
INSERT INTO Contact_List VALUES (84925818, 34556237);
INSERT INTO Contact_List VALUES (84925818, 41706949);
INSERT INTO Contact_List VALUES (39829485, 46103342);
INSERT INTO Contact_List VALUES (39829485, 16668432);
INSERT INTO Contact_List VALUES (39829485, 72019732);
INSERT INTO Contact_List VALUES (39829485, 28612531);
INSERT INTO Contact_List VALUES (39829485, 95951112);
INSERT INTO Contact_List VALUES (39829485, 35032784);
INSERT INTO Contact_List VALUES (39829485, 40053648);
INSERT INTO Contact_List VALUES (39829485, 48959607);
INSERT INTO Contact_List VALUES (39829485, 77464151);
INSERT INTO Contact_List VALUES (39829485, 77168859);
INSERT INTO Contact_List VALUES (39829485, 55928230);
INSERT INTO Contact_List VALUES (39829485, 96325602);
INSERT INTO Contact_List VALUES (73310718, 47865396);
INSERT INTO Contact_List VALUES (73310718, 92090725);
INSERT INTO Contact_List VALUES (73310718, 83601375);
INSERT INTO Contact_List VALUES (73310718, 15605570);
INSERT INTO Contact_List VALUES (26960865, 12383120);
INSERT INTO Contact_List VALUES (26960865, 43394595);
INSERT INTO Contact_List VALUES (26960865, 45275576);
INSERT INTO Contact_List VALUES (26960865, 67441869);
INSERT INTO Contact_List VALUES (26960865, 16922266);
INSERT INTO Contact_List VALUES (26960865, 86078637);
INSERT INTO Contact_List VALUES (26960865, 22358886);
INSERT INTO Contact_List VALUES (26960865, 27409519);
INSERT INTO Contact_List VALUES (26960865, 10191253);
INSERT INTO Contact_List VALUES (26960865, 23518172);
INSERT INTO Contact_List VALUES (26960865, 84805172);
INSERT INTO Contact_List VALUES (26960865, 43615315);
INSERT INTO Contact_List VALUES (61564979, 41704795);
INSERT INTO Contact_List VALUES (61564979, 75275770);
INSERT INTO Contact_List VALUES (61564979, 16323735);
INSERT INTO Contact_List VALUES (61564979, 40939760);
INSERT INTO Contact_List VALUES (61564979, 56614881);
INSERT INTO Contact_List VALUES (61564979, 24356913);
INSERT INTO Contact_List VALUES (61564979, 41855555);
INSERT INTO Contact_List VALUES (61564979, 42218193);
INSERT INTO Contact_List VALUES (43725651, 48959607);
INSERT INTO Contact_List VALUES (43725651, 77464151);
INSERT INTO Contact_List VALUES (96562547, 77607997);
INSERT INTO Contact_List VALUES (96562547, 80289401);
INSERT INTO Contact_List VALUES (96562547, 72831530);
INSERT INTO Contact_List VALUES (96562547, 10978865);
INSERT INTO Contact_List VALUES (96562547, 11733028);
INSERT INTO Contact_List VALUES (96562547, 91712518);
INSERT INTO Contact_List VALUES (96562547, 47865396);
INSERT INTO Contact_List VALUES (96562547, 92090725);
INSERT INTO Contact_List VALUES (96562547, 83601375);
INSERT INTO Contact_List VALUES (96562547, 15605570);
INSERT INTO Contact_List VALUES (96562547, 56387722);
INSERT INTO Contact_List VALUES (96562547, 78304851);
INSERT INTO Contact_List VALUES (96562547, 63370045);
INSERT INTO Contact_List VALUES (54154967, 78304851);
INSERT INTO Contact_List VALUES (54154967, 63370045);
INSERT INTO Contact_List VALUES (54154967, 29514138);
INSERT INTO Contact_List VALUES (54154967, 40770604);
INSERT INTO Contact_List VALUES (54154967, 72253879);
INSERT INTO Contact_List VALUES (54154967, 38426423);
INSERT INTO Contact_List VALUES (54154967, 28725476);
INSERT INTO Contact_List VALUES (54154967, 75863796);
INSERT INTO Contact_List VALUES (54154967, 51845175);
INSERT INTO Contact_List VALUES (54154967, 85444693);
INSERT INTO Contact_List VALUES (89107630, 12845833);
INSERT INTO Contact_List VALUES (89107630, 69171759);
INSERT INTO Contact_List VALUES (89107630, 91147071);
INSERT INTO Contact_List VALUES (89107630, 85746368);
INSERT INTO Contact_List VALUES (89107630, 60167854);
INSERT INTO Contact_List VALUES (89107630, 28374190);
INSERT INTO Contact_List VALUES (89107630, 67657169);
INSERT INTO Contact_List VALUES (89107630, 94762544);
INSERT INTO Contact_List VALUES (89107630, 34627669);
INSERT INTO Contact_List VALUES (89107630, 34556237);
INSERT INTO Contact_List VALUES (89107630, 41706949);
INSERT INTO Contact_List VALUES (89107630, 93272550);
INSERT INTO Contact_List VALUES (87472926, 61564979);
INSERT INTO Contact_List VALUES (87472926, 43725651);
INSERT INTO Contact_List VALUES (87472926, 96562547);
INSERT INTO Contact_List VALUES (87472926, 54154967);
INSERT INTO Contact_List VALUES (87472926, 89107630);
INSERT INTO Contact_List VALUES (87472926, 87472926);
INSERT INTO Contact_List VALUES (87472926, 22286179);
INSERT INTO Contact_List VALUES (87472926, 37550074);
INSERT INTO Contact_List VALUES (87472926, 51172338);
INSERT INTO Contact_List VALUES (87472926, 86423389);
INSERT INTO Contact_List VALUES (87472926, 36638818);
INSERT INTO Contact_List VALUES (87472926, 99935988);
INSERT INTO Contact_List VALUES (87472926, 12845833);
INSERT INTO Contact_List VALUES (87472926, 69171759);
INSERT INTO Contact_List VALUES (22286179, 19060961);
INSERT INTO Contact_List VALUES (22286179, 53710018);
INSERT INTO Contact_List VALUES (22286179, 10103089);
INSERT INTO Contact_List VALUES (22286179, 98205682);
INSERT INTO Contact_List VALUES (22286179, 77607997);
INSERT INTO Contact_List VALUES (22286179, 80289401);
INSERT INTO Contact_List VALUES (22286179, 72831530);
INSERT INTO Contact_List VALUES (37550074, 38140829);
INSERT INTO Contact_List VALUES (37550074, 68830654);
INSERT INTO Contact_List VALUES (37550074, 51737192);
INSERT INTO Contact_List VALUES (51172338, 83601375);
INSERT INTO Contact_List VALUES (51172338, 15605570);
INSERT INTO Contact_List VALUES (51172338, 56387722);
INSERT INTO Contact_List VALUES (51172338, 78304851);
INSERT INTO Contact_List VALUES (51172338, 63370045);
INSERT INTO Contact_List VALUES (51172338, 29514138);
INSERT INTO Contact_List VALUES (51172338, 40770604);
INSERT INTO Contact_List VALUES (51172338, 72253879);
INSERT INTO Contact_List VALUES (51172338, 38426423);
INSERT INTO Contact_List VALUES (86423389, 87472926);
INSERT INTO Contact_List VALUES (86423389, 22286179);
INSERT INTO Contact_List VALUES (86423389, 37550074);
INSERT INTO Contact_List VALUES (86423389, 51172338);
INSERT INTO Contact_List VALUES (86423389, 86423389);
INSERT INTO Contact_List VALUES (86423389, 36638818);
INSERT INTO Contact_List VALUES (86423389, 99935988);
INSERT INTO Contact_List VALUES (36638818, 28725476);
INSERT INTO Contact_List VALUES (36638818, 75863796);
INSERT INTO Contact_List VALUES (36638818, 51845175);
INSERT INTO Contact_List VALUES (36638818, 85444693);
INSERT INTO Contact_List VALUES (36638818, 10026858);
INSERT INTO Contact_List VALUES (36638818, 31390718);
INSERT INTO Contact_List VALUES (36638818, 12383120);
INSERT INTO Contact_List VALUES (36638818, 43394595);
INSERT INTO Contact_List VALUES (36638818, 45275576);
INSERT INTO Contact_List VALUES (36638818, 67441869);
INSERT INTO Contact_List VALUES (36638818, 16922266);
INSERT INTO Contact_List VALUES (36638818, 86078637);
INSERT INTO Contact_List VALUES (36638818, 22358886);
INSERT INTO Contact_List VALUES (99935988, 72019732);
INSERT INTO Contact_List VALUES (99935988, 28612531);
INSERT INTO Contact_List VALUES (99935988, 95951112);
INSERT INTO Contact_List VALUES (99935988, 35032784);
INSERT INTO Contact_List VALUES (99935988, 40053648);
INSERT INTO Contact_List VALUES (99935988, 48959607);
INSERT INTO Contact_List VALUES (99935988, 77464151);
INSERT INTO Contact_List VALUES (99935988, 77168859);
INSERT INTO Contact_List VALUES (99935988, 55928230);
INSERT INTO Contact_List VALUES (99935988, 96325602);
INSERT INTO Contact_List VALUES (99935988, 41704795);
INSERT INTO Contact_List VALUES (99935988, 75275770);
INSERT INTO Contact_List VALUES (99935988, 16323735);
INSERT INTO Contact_List VALUES (99935988, 40939760);
INSERT INTO Contact_List VALUES (12845833, 73310718);
INSERT INTO Contact_List VALUES (12845833, 26960865);
INSERT INTO Contact_List VALUES (12845833, 61564979);
INSERT INTO Contact_List VALUES (12845833, 43725651);
INSERT INTO Contact_List VALUES (12845833, 96562547);
INSERT INTO Contact_List VALUES (12845833, 54154967);
INSERT INTO Contact_List VALUES (12845833, 89107630);
INSERT INTO Contact_List VALUES (12845833, 87472926);
INSERT INTO Contact_List VALUES (12845833, 22286179);
INSERT INTO Contact_List VALUES (12845833, 37550074);
INSERT INTO Contact_List VALUES (12845833, 51172338);
INSERT INTO Contact_List VALUES (12845833, 86423389);
INSERT INTO Contact_List VALUES (12845833, 36638818);
INSERT INTO Contact_List VALUES (69171759, 15605570);
INSERT INTO Contact_List VALUES (69171759, 56387722);
INSERT INTO Contact_List VALUES (69171759, 78304851);
INSERT INTO Contact_List VALUES (69171759, 63370045);
INSERT INTO Contact_List VALUES (69171759, 29514138);
INSERT INTO Contact_List VALUES (69171759, 40770604);
INSERT INTO Contact_List VALUES (69171759, 72253879);
INSERT INTO Contact_List VALUES (69171759, 38426423);
INSERT INTO Contact_List VALUES (91147071, 96562547);
INSERT INTO Contact_List VALUES (91147071, 54154967);
INSERT INTO Contact_List VALUES (85746368, 80289401);
INSERT INTO Contact_List VALUES (85746368, 72831530);
INSERT INTO Contact_List VALUES (85746368, 10978865);
INSERT INTO Contact_List VALUES (85746368, 11733028);
INSERT INTO Contact_List VALUES (85746368, 91712518);
INSERT INTO Contact_List VALUES (85746368, 47865396);
INSERT INTO Contact_List VALUES (85746368, 92090725);
INSERT INTO Contact_List VALUES (85746368, 83601375);
INSERT INTO Contact_List VALUES (85746368, 15605570);
INSERT INTO Contact_List VALUES (85746368, 56387722);
INSERT INTO Contact_List VALUES (85746368, 78304851);
INSERT INTO Contact_List VALUES (85746368, 63370045);
INSERT INTO Contact_List VALUES (60167854, 10026858);
INSERT INTO Contact_List VALUES (60167854, 31390718);
INSERT INTO Contact_List VALUES (60167854, 12383120);
INSERT INTO Contact_List VALUES (28374190, 16323735);
INSERT INTO Contact_List VALUES (28374190, 40939760);
INSERT INTO Contact_List VALUES (67657169, 28725476);
INSERT INTO Contact_List VALUES (67657169, 75863796);
INSERT INTO Contact_List VALUES (67657169, 51845175);
INSERT INTO Contact_List VALUES (67657169, 85444693);
INSERT INTO Contact_List VALUES (67657169, 10026858);
INSERT INTO Contact_List VALUES (67657169, 31390718);
INSERT INTO Contact_List VALUES (67657169, 12383120);
INSERT INTO Contact_List VALUES (94762544, 91147071);
INSERT INTO Contact_List VALUES (94762544, 85746368);
INSERT INTO Contact_List VALUES (94762544, 60167854);
INSERT INTO Contact_List VALUES (94762544, 28374190);
INSERT INTO Contact_List VALUES (94762544, 67657169);
INSERT INTO Contact_List VALUES (94762544, 94762544);
INSERT INTO Contact_List VALUES (94762544, 34627669);
INSERT INTO Contact_List VALUES (34627669, 40939760);
INSERT INTO Contact_List VALUES (34627669, 56614881);
INSERT INTO Contact_List VALUES (34556237, 77464151);
INSERT INTO Contact_List VALUES (34556237, 77168859);
INSERT INTO Contact_List VALUES (34556237, 55928230);
INSERT INTO Contact_List VALUES (34556237, 96325602);
INSERT INTO Contact_List VALUES (34556237, 41704795);
INSERT INTO Contact_List VALUES (34556237, 75275770);
INSERT INTO Contact_List VALUES (34556237, 16323735);
INSERT INTO Contact_List VALUES (34556237, 40939760);
INSERT INTO Contact_List VALUES (41706949, 38140829);
INSERT INTO Contact_List VALUES (41706949, 68830654);
INSERT INTO Contact_List VALUES (41706949, 51737192);
INSERT INTO Contact_List VALUES (93272550, 16668432);
INSERT INTO Contact_List VALUES (53418984, 10191253);
INSERT INTO Contact_List VALUES (53418984, 23518172);
INSERT INTO Contact_List VALUES (53418984, 84805172);
INSERT INTO Contact_List VALUES (53418984, 43615315);
INSERT INTO Contact_List VALUES (53418984, 51530651);
INSERT INTO Contact_List VALUES (53418984, 69830849);
INSERT INTO Contact_List VALUES (53418984, 46103342);
INSERT INTO Contact_List VALUES (53418984, 16668432);
INSERT INTO Contact_List VALUES (53418984, 72019732);
INSERT INTO Contact_List VALUES (69034544, 84805172);
INSERT INTO Contact_List VALUES (69034544, 43615315);
INSERT INTO Contact_List VALUES (69034544, 51530651);
INSERT INTO Contact_List VALUES (69034544, 69830849);
INSERT INTO Contact_List VALUES (69034544, 46103342);
INSERT INTO Contact_List VALUES (69034544, 16668432);
INSERT INTO Contact_List VALUES (69034544, 72019732);
INSERT INTO Contact_List VALUES (69034544, 28612531);
INSERT INTO Contact_List VALUES (34929524, 91712518);
INSERT INTO Contact_List VALUES (34929524, 47865396);
INSERT INTO Contact_List VALUES (49079732, 51172338);
INSERT INTO Contact_List VALUES (81658869, 10978865);
INSERT INTO Contact_List VALUES (81658869, 11733028);
INSERT INTO Contact_List VALUES (81658869, 91712518);
INSERT INTO Contact_List VALUES (81658869, 47865396);
INSERT INTO Contact_List VALUES (83894295, 61564979);
INSERT INTO Contact_List VALUES (78191731, 29514138);
INSERT INTO Contact_List VALUES (78191731, 40770604);
INSERT INTO Contact_List VALUES (78191731, 72253879);
INSERT INTO Contact_List VALUES (78191731, 38426423);
INSERT INTO Contact_List VALUES (78191731, 28725476);
INSERT INTO Contact_List VALUES (78191731, 75863796);
INSERT INTO Contact_List VALUES (78191731, 51845175);
INSERT INTO Contact_List VALUES (78191731, 85444693);
INSERT INTO Contact_List VALUES (78191731, 10026858);
INSERT INTO Contact_List VALUES (78191731, 31390718);
INSERT INTO Group_Chat VALUES (45372232, 'QOYfvlhSanripXGJRPiZ');
INSERT INTO Group_Chat VALUES (98009564, 'wxPGGcwHQgWhWpUvigZH');
INSERT INTO Group_Chat VALUES (52534172, 'RNSIItOstcpoktlnesZF');
INSERT INTO Group_Chat VALUES (38283310, 'qWwlQSYTKvAaodLSgtHe');
INSERT INTO Group_Chat VALUES (34051150, 'UfadfwRrdpIlrOxxDPgl');
INSERT INTO Group_Chat VALUES (41054367, 'OGpNslXCuRwzGggUbEFY');
INSERT INTO Group_Chat VALUES (73438163, 'mcPXrRBuuHabhrRJQFNQ');
INSERT INTO Group_Chat VALUES (61987414, 'GiblhFKdMbcCxGWAXiWg');
INSERT INTO Group_Chat VALUES (42177918, 'vxAyBZfhXHLlYjcQpIgj');
INSERT INTO Group_Chat VALUES (89665310, 'uqJXtNanDiuQradWxlcD');
INSERT INTO Group_Chat_Membership VALUES (45372232, 16323735);
INSERT INTO Group_Chat_Membership VALUES (45372232, 40939760);
INSERT INTO Group_Chat_Membership VALUES (45372232, 56614881);
INSERT INTO Group_Chat_Membership VALUES (45372232, 24356913);
INSERT INTO Group_Chat_Membership VALUES (45372232, 41855555);
INSERT INTO Group_Chat_Membership VALUES (45372232, 42218193);
INSERT INTO Group_Chat_Membership VALUES (45372232, 38140829);
INSERT INTO Group_Chat_Membership VALUES (45372232, 68830654);
INSERT INTO Group_Chat_Membership VALUES (45372232, 51737192);
INSERT INTO Group_Chat_Membership VALUES (98009564, 29514138);
INSERT INTO Group_Chat_Membership VALUES (98009564, 40770604);
INSERT INTO Group_Chat_Membership VALUES (98009564, 72253879);
INSERT INTO Group_Chat_Membership VALUES (98009564, 38426423);
INSERT INTO Group_Chat_Membership VALUES (98009564, 28725476);
INSERT INTO Group_Chat_Membership VALUES (98009564, 75863796);
INSERT INTO Group_Chat_Membership VALUES (98009564, 51845175);
INSERT INTO Group_Chat_Membership VALUES (52534172, 28612531);
INSERT INTO Group_Chat_Membership VALUES (52534172, 95951112);
INSERT INTO Group_Chat_Membership VALUES (52534172, 35032784);
INSERT INTO Group_Chat_Membership VALUES (38283310, 43394595);
INSERT INTO Group_Chat_Membership VALUES (38283310, 45275576);
INSERT INTO Group_Chat_Membership VALUES (38283310, 67441869);
INSERT INTO Group_Chat_Membership VALUES (38283310, 16922266);
INSERT INTO Group_Chat_Membership VALUES (38283310, 86078637);
INSERT INTO Group_Chat_Membership VALUES (38283310, 22358886);
INSERT INTO Group_Chat_Membership VALUES (38283310, 27409519);
INSERT INTO Group_Chat_Membership VALUES (38283310, 10191253);
INSERT INTO Group_Chat_Membership VALUES (38283310, 23518172);
INSERT INTO Group_Chat_Membership VALUES (38283310, 84805172);
INSERT INTO Group_Chat_Membership VALUES (38283310, 43615315);
INSERT INTO Group_Chat_Membership VALUES (38283310, 51530651);
INSERT INTO Group_Chat_Membership VALUES (38283310, 69830849);
INSERT INTO Group_Chat_Membership VALUES (38283310, 46103342);
INSERT INTO Group_Chat_Membership VALUES (34051150, 48959607);
INSERT INTO Group_Chat_Membership VALUES (34051150, 77464151);
INSERT INTO Group_Chat_Membership VALUES (34051150, 77168859);
INSERT INTO Group_Chat_Membership VALUES (34051150, 55928230);
INSERT INTO Group_Chat_Membership VALUES (34051150, 96325602);
INSERT INTO Group_Chat_Membership VALUES (41054367, 80289401);
INSERT INTO Group_Chat_Membership VALUES (41054367, 72831530);
INSERT INTO Group_Chat_Membership VALUES (41054367, 10978865);
INSERT INTO Group_Chat_Membership VALUES (41054367, 11733028);
INSERT INTO Group_Chat_Membership VALUES (41054367, 91712518);
INSERT INTO Group_Chat_Membership VALUES (41054367, 47865396);
INSERT INTO Group_Chat_Membership VALUES (41054367, 92090725);
INSERT INTO Group_Chat_Membership VALUES (41054367, 83601375);
INSERT INTO Group_Chat_Membership VALUES (41054367, 15605570);
INSERT INTO Group_Chat_Membership VALUES (41054367, 56387722);
INSERT INTO Group_Chat_Membership VALUES (41054367, 78304851);
INSERT INTO Group_Chat_Membership VALUES (41054367, 63370045);
INSERT INTO Group_Chat_Membership VALUES (73438163, 31390718);
INSERT INTO Group_Chat_Membership VALUES (73438163, 12383120);
INSERT INTO Group_Chat_Membership VALUES (73438163, 43394595);
INSERT INTO Group_Chat_Membership VALUES (73438163, 45275576);
INSERT INTO Group_Chat_Membership VALUES (73438163, 67441869);
INSERT INTO Group_Chat_Membership VALUES (73438163, 16922266);
INSERT INTO Group_Chat_Membership VALUES (73438163, 86078637);
INSERT INTO Group_Chat_Membership VALUES (73438163, 22358886);
INSERT INTO Group_Chat_Membership VALUES (73438163, 27409519);
INSERT INTO Group_Chat_Membership VALUES (73438163, 10191253);
INSERT INTO Group_Chat_Membership VALUES (73438163, 23518172);
INSERT INTO Group_Chat_Membership VALUES (73438163, 84805172);
INSERT INTO Group_Chat_Membership VALUES (73438163, 43615315);
INSERT INTO Group_Chat_Membership VALUES (73438163, 51530651);
INSERT INTO Group_Chat_Membership VALUES (61987414, 72253879);
INSERT INTO Group_Chat_Membership VALUES (61987414, 38426423);
INSERT INTO Group_Chat_Membership VALUES (61987414, 28725476);
INSERT INTO Group_Chat_Membership VALUES (61987414, 75863796);
INSERT INTO Group_Chat_Membership VALUES (61987414, 51845175);
INSERT INTO Group_Chat_Membership VALUES (61987414, 85444693);
INSERT INTO Group_Chat_Membership VALUES (42177918, 43394595);
INSERT INTO Group_Chat_Membership VALUES (42177918, 45275576);
INSERT INTO Group_Chat_Membership VALUES (42177918, 67441869);
INSERT INTO Group_Chat_Membership VALUES (89665310, 24356913);
INSERT INTO Group_Chat_Membership VALUES (89665310, 41855555);
INSERT INTO Group_Chat_Membership VALUES (89665310, 42218193);
INSERT INTO Group_Chat_Membership VALUES (89665310, 38140829);
INSERT INTO Group_Chat_Membership VALUES (89665310, 68830654);
INSERT INTO Group_Chat_Membership VALUES (89665310, 51737192);
INSERT INTO Group_Chat_Membership VALUES (89665310, 84925818);
INSERT INTO Group_Chat_Membership VALUES (89665310, 39829485);
INSERT INTO Group_Chat_Membership VALUES (89665310, 73310718);
INSERT INTO Group_Chat_Membership VALUES (89665310, 26960865);
INSERT INTO Group_Chat_Membership VALUES (89665310, 61564979);
INSERT INTO Group_Chat_Membership VALUES (89665310, 43725651);
INSERT INTO Message VALUES (54134364, 'mOTFIJSEqPLplWReBzblrcMDEViSxXuQUgXtBGKpZpRHfLlQDSRGpaJAdWPuYjXyxwqBxxLWNEkKfoILPjFtQuUUKqPHFxUTHtun', '1954-5-8', 77607997, 52534172, NULL);
INSERT INTO Message VALUES (31285803, 'YCTXaOInQCHLHCXDICSORRkcSXshQWTpfHGlwVUysspSvFxbEbLlFTfmrFKdTNrboUxyOcZOyYxdxPkYiqOQhvPptXicsNoSPmqI', '1998-7-8', 77168859, 38283310, NULL);
INSERT INTO Message VALUES (53009149, 'kpdbNweIWHpOJQILElRyYdJdCpCoGUSThkawWyFxDPOhxMdNfvEQHFkneqHqvpmHLYrIwUlheIyOwonKSRyAmJvheuOywRfDHbFE', '1958-11-19', 12383120, NULL, 10191253);
INSERT INTO Message VALUES (80362505, 'MUJiAAZaLrFmjYgVFNnMUXyGcTJWJhloBDSRkdyGlXEgfRyWZKBFZGocivRgPTEDaTAdEzhhvxTbHKEJfmHlYNaWhObfCmgOpaNl', '1970-7-21', 29514138, NULL, 10026858);
INSERT INTO Message VALUES (25678506, 'HKoHJvOttiiSGPLpKNMgsstBUsnxVAIfZNRgyVKnydNgwkSaoQIfbWBUuSgexkMyjfwvlPFokiVTROBjWlJqWiDLOOdvGZqMeHdb', '2016-5-14', 26960865, 89665310, NULL);
INSERT INTO Message VALUES (32692197, 'yyKmMIceVMjbuUIJwnDsCxpBbcqjYNvnZezpuomNIbDkjYaMxrFZLTdvnJBAwdVdMFbeXrzFcsPTduVcFCPtmYnzuqrkfFbpSZRx', '1984-5-9', 36638818, 42177918, NULL);
INSERT INTO Message VALUES (44528663, 'VAGnetCjQarDXnaXeQlbXAPZoVtRLXrfUUWDmfzIxTwHgyFCxEDrFlgKbsbiENMQhysYRYyWewDhevrPAILrsoJpQgDSnGDrbMiF', '1969-3-19', 56614881, NULL, 72253879);
INSERT INTO Message VALUES (84721830, 'xPEPBMyLozTKuPvCpnbcQsBajHctsBNFRuFsadxqBtBvhzzvbJcjkyycVzgAlfcgUKqsabCIthzkmTqicPuuBHNbVcrYQEftqwaI', '1988-10-20', 80289401, NULL, 15605570);
INSERT INTO Message VALUES (33464066, 'jUBsAwFaReMqYvxOSEpFLRWMWrqeZgJclLVpZRhNZcqBEABTyCzFGVPUoaMBDuLuFUQbwLpvCssONwRZxlbmiZdliJAvlgceTREp', '1960-3-22', 16922266, NULL, 40053648);
INSERT INTO Message VALUES (14792762, 'hlfwEJRrENRWlUnQCPIpTOaVCmZdsxqycHAEsFmdElXDpxTJlxpTtYVAFmSoKvUecbmSrFapXzeJxreAbyJpafFamtawQTSxJptD', '1985-8-9', 60167854, 38283310, NULL);
INSERT INTO Message VALUES (53491033, 'jMMKvJBYOUkWCTTHuJHvOHHawQeWopmCKzDhHvmFeYPoClifnHGTuaPHjzYpFrPZIwaegMFHLoojzswfOyhtigrnYAFvAxCuXyzQ', '2015-7-19', 72831530, NULL, 16668432);
INSERT INTO Message VALUES (26512958, 'cCspIzWrDGdNTWHiIsYDgcWPunsprqrjnFhgUPLePcxnQqmEHFGaUopwXwztSQUhnqnvLIRbdfklIAKewcubYdbRdyQjmCUZucwK', '1999-3-5', 84925818, 38283310, NULL);
INSERT INTO Message VALUES (97729180, 'GWCxBYpuXUnUGQXYtRLgPmiOVhfCyKULVoUPZRqaYLpMaijPuCxWeBampaSbtSYybugwWiyNeLdCLthCLlufNXXqQwREVzqwhaUQ', '1988-1-9', 43394595, 38283310, NULL);
INSERT INTO Message VALUES (50420272, 'oVNjzNQwNGUofGdKWMpexEbhgAtmzUOuLoufhnPLJuXyvrJmrXpkqCkcKJpqsdqAAUiGnNgBAgHhMPyKXipRHxeIKXxJptFZDwOx', '2011-3-6', 28374190, NULL, 34556237);
INSERT INTO Message VALUES (24589728, 'KVUcYpnjGfiXHLjXacHsKBeqsjgdLCSunSCAPwhtiwJrYemvbYkZLMFSPNgVoZQiBUwztQoYASaRklwJjsVDDQlPErIuZlgwuudK', '2009-11-24', 38426423, 38283310, NULL);
INSERT INTO Message VALUES (33522920, 'LMkKniiwCwplBGUFgVimuQrzfWLllVRaYGOzKOcColYrNEjjsGFpdVFIdKmitrZJlvJTisAnFdUFgjkNqRFWnluKrwWtnYTvHfUP', '1962-10-23', 84805172, NULL, 68830654);
INSERT INTO Message VALUES (91633897, 'vUwrRdZfZwTOaurFxxxCgQoXIGucHQdbHKNOeoORUrenqAsyZByLYmFRXoYrGRqQNbjIvkwafMdaxeckIFlyqmCAEWUBtGgdNHBk', '2004-9-6', 23518172, NULL, 83894295);
INSERT INTO Message VALUES (51848691, 'zeFnVmwLCeCElAVpXtvPcnUBvRpZkhfHpsrsFmovuQgkPoUMUMWuvyILbxTlXzSsrhQdpiHmsUyyGPqlxIDwibuEPoizBEDDNuIS', '1960-6-24', 45275576, NULL, 53710018);
INSERT INTO Message VALUES (59126496, 'gejGJQujoOMCxjCvYQcUkYqOLNwgFvfFnovzvHVjwJphGvQEKEfOjIPyBUuYCdTMNxCVkfoQTDjzEmwZtsPovJCXrMIOXxvfgrQp', '1955-4-12', 38140829, 89665310, NULL);
INSERT INTO Message VALUES (62877786, 'uEBARbemKEhzFsduoipEeeRRDYSvmlbUQZfpPNuXaVKhaxHXTbvYQOMrEGSuBfIlvBNQtLhlQVvTufILZINmIRITzmwnlCfxeuXE', '1957-8-22', 75275770, NULL, 43394595);
INSERT INTO Message VALUES (91565069, 'ONgpMObqMfbmwjsqbpgGQfVnWadwxYrhkrAFvzMpYSoijBNjKXexqiqhAqbCCGBlFPQnScJCDqIFcBrIVylmPibHYuENrNsfaoKi', '2016-8-7', 53710018, NULL, 43615315);
INSERT INTO Message VALUES (85388290, 'DzAmLvgCtDpBqltFvcsedhqQBWCcTmIJaatLDQUAusjNWjVZJJaXXSHUQvvdCQhePKISomUpycATIPWOmuopfPEximFCUbvnhttv', '2016-10-21', 72019732, NULL, 29514138);
INSERT INTO Message VALUES (27065053, 'qVrgoEQndRbqgqRpiaQVKGzOPcNdHlmEXJPhIheEJddMPghDYoDYqfkTAJBGxslmkTabzBLCVSnJXMyWAFykOTsNSkQIssnqYtdV', '1990-4-17', 34929524, 41054367, NULL);
INSERT INTO Message VALUES (20981410, 'nVTHuieYrgvNIBIDVkcoTyiblyleKhrBjBPNxgNlXnORNAzLEhvYmmLNyAttuXsrzUwaDPHhjUFCBVCvlhRpdYFMGPLgXBWqYqzW', '2010-9-6', 69034544, 73438163, NULL);
INSERT INTO Message VALUES (57553614, 'EluHMLVBQkVdGAyqsDuchEtKXcOirBkoUuYCRQGsYUiiULvCCKdhkHUrQjSEkGUSxhDgMDQReXlQZjzEPryyWcVWBNyyKbZtJPvS', '1953-2-14', 10026858, NULL, 77464151);
INSERT INTO Message VALUES (95638604, 'PLNbCrpsPCQZujDJkkbwcVGoLXKNahiTfYyqcMEsCJbPtQYaRWYjQTfLDXtwmyrtfjrkPykJEumxZiyWsLBnEjVVoDzZYNkcXcrM', '1959-11-3', 91147071, 89665310, NULL);
INSERT INTO Message VALUES (58736029, 'ASgMfwIsVKqkDFqKxqnTlbrXtLWCYKDyQZuFsQdubVYDaXoGwCPtosnULTXdxrtpwIuWCeDrTvHxncArhpOfOkqBzFSRSDqFyJGA', '1983-3-9', 91712518, NULL, 96562547);
INSERT INTO Message VALUES (10873637, 'JPVcYijCYrXeAsMyjSQcbRmVuGAQRoBBmrutdKzIYGkAAtqJCuOSValpPvyXQFIgtFVmRkEuMoOuXTsbbWxwZBuNGdRgXHhaxWBA', '2006-6-13', 51172338, NULL, 91712518);
INSERT INTO Message VALUES (25568887, 'iynzIZJJXOnZPCydxEXrdQwZzryBqCrxgPBBQXhfdnPwfYWIdtFwkonDhdSorhkmUeImRkzHjTLASPlkwmJcLyzbxwBUcCfPZvdN', '1952-9-5', 51845175, NULL, 28374190);
INSERT INTO Message VALUES (88171768, 'LGhYlbfcPsvTGrMsmezvgfMATPYhuYxLWYIWHMsTgLCpeoNmtQAguBWgDdyWMpKGXKfIrsGtckkLAgkHMDqtlBCtRrPeutECKHHy', '2006-7-7', 34929524, NULL, 60167854);
INSERT INTO Message VALUES (17246461, 'nWVULzwLjvfqLQxShOglLpztWXqAauELlNsJaKQicuHImRiGBKEHcCIozzVWGdUdWBEaFswzwIbOyFFpriCbBSACYMLnjFKOdxxy', '2010-4-7', 23518172, NULL, 67441869);
INSERT INTO Message VALUES (53544036, 'rvEEUNMMCoWuBuhpkxxLOsYrWcBtsNJesRRzOwURkoMhWmpwWkJzCpaZGNFiAXOKRycNUOUshDriJCuDwIHxbJOdHrnvpUdjARnP', '1999-7-23', 69034544, 52534172, NULL);
INSERT INTO Message VALUES (58492677, 'dWRWiYhArByKQNbaMANDILitrHBupTVsOCzpICUewEPuqTwmgUqFJvQXpUVGKNckCudPpvCqKbyinpwJuHHodLTIBwnxLyNkDQiN', '1976-7-17', 96562547, NULL, 94762544);
INSERT INTO Message VALUES (61318393, 'juMlbtqTSsNFOwMqWfbwKlzBDulPjmqhlitslpElkQkOafprevgyDfFZHikjxfpDpFzOXDGEopasSXWIDlBDwcmlgaIXGriNKfZw', '2015-8-12', 41855555, NULL, 91712518);
INSERT INTO Message VALUES (60436082, 'bGFwAdZJHXtNfvgIghjnpiofkGlZtYJlZnpWuGTJYHViKkNquiNUnHXNsyDhPNcMNtmaTAcyGSwovVSjiTWzyRiLcxxXJuzqOJxI', '2016-2-3', 91712518, NULL, 67441869);
INSERT INTO Message VALUES (97322786, 'dWzPOjiGuOhoMPsCjnXRSUYTYlmPDfOKhJeVOoiRzqJoQQRSFmIExlfcfxPyhXudYGYmfPdEAXepxcWruMlXieDupmAtGvbCuELt', '1978-2-4', 40053648, 34051150, NULL);
INSERT INTO Message VALUES (41360060, 'ugWICVsEGlRmqLMLJnBpckzMgZhFVLXplByvPcPpAwryjsAFyoCWMEwKrKFueVXEtUoBVJMOTIehNFWsCgijrhOndiJLbZFcgKuD', '1999-3-16', 68830654, NULL, 45275576);
INSERT INTO Message VALUES (74876380, 'dzWwacnBtbJyGIIkWrMbDTflVqvlCGMwXwCZdGWSyVVPNgYKaaHOEsMPPhBaAvtRifUAdycfUTOvUfLypQLmYRuiJhDgXtUQsECX', '1989-3-23', 10103089, 98009564, NULL);
INSERT INTO Message VALUES (23626432, 'mLYhgJlBUlqxVacZxlrBlDOvhVObceasNkJpSiknIQOoDadbAvqkylRXktlHqILimHjErFKmzpILVdhkpLnJzfdGgkAhCpBsImYX', '1998-9-3', 28612531, 42177918, NULL);
INSERT INTO Message VALUES (14571726, 'MIxpwPVqLOfvdulAVcyyFKFzYWuCGYvLYsDSoMqYUDlOrngvNuIikKdKsRpgtVYLQcCQELpSbOfwTAOYFcJPPehDTtqCLkGhQwDr', '1993-4-4', 23518172, NULL, 27409519);
INSERT INTO Message VALUES (80892954, 'PxOgriWeqxZxkoILeZAtDFJtYhZGWcCndfKEVjranYiqydhsMontkpcPQRAgVYuQxrzshRiHNJavrCxkHebTMGMoYauAymVfYEPD', '1976-9-18', 53418984, 52534172, NULL);
INSERT INTO Message VALUES (99837684, 'LOTnzimWqPjPeEiplbGzigRMrPfxWakvYhmNgzZvmrJqUBbUenTfOohyypMgeeupndLoOaTZZJGvfTlwiuluGtZjHmAiBQGRudjM', '2000-4-18', 95951112, 38283310, NULL);
INSERT INTO Message VALUES (27145709, 'wJDRyhXapneGuNNKwNCYYIMxBiLqoKHEIeOFJphOKkYfpmuVOyijegkNBUvtOAIwGKieEYOPlvoYRvjOCYqNErXJmFaIyInkoKRN', '1966-4-14', 54154967, 73438163, NULL);
INSERT INTO Message VALUES (41616188, 'nsCDdgYnLpmWPJuWaKZLcsITyTkjyhdDKgfqKMPJJqVyEBUcSnpRRaOArUBdUqJsviPQsxJTsIFcFDdRAAayjMdWhzOdfgReWMdn', '1957-6-22', 24356913, 98009564, NULL);
INSERT INTO Message VALUES (77247652, 'RgvgvBxtdoxoPXJpKmWkYrvAQfvPSBJmfqsLpzEfMYupbutpXpAoSBKLKvROijuvOgCObzacRJrpjJDDrQAgCYLgKmUKyFuseVtr', '1973-5-13', 51845175, 73438163, NULL);
INSERT INTO Message VALUES (47644337, 'nSZKcVEbhUrOfWZlEqmpSbDMjagsKhgJmtFRcNudwdMOcjMNigSGFOjMFmIVpgUCqbWGGjipvceGBJSkSAiwvITtLyYGFjMmpJUv', '2011-6-20', 85746368, NULL, 69171759);
INSERT INTO Message VALUES (39582824, 'oDecNAurNOQjMQJmNTMfeXZnJLeKHshFUFFDpPIMpeTZYrjljHUBqDTkPLwfwtPNJRhSRofsVhCOqRRSUKUMdXoenFDmmiPEWomt', '1996-11-15', 85444693, 34051150, NULL);
INSERT INTO Message VALUES (43067828, 'HPHjpfpYHlnAewGxhYwVJFjkTIpnrrRfZEkUmIPLJODlHafcFNaROOyccTcNwSZWgoJmmmwmnVZzwuvlEmOvmoTbiwczifpDdrju', '1982-7-11', 27409519, 38283310, NULL);
INSERT INTO Message VALUES (16478289, 'NSGHynCMtQgPLcOeQacSOasoRwsWUOqqePnNRsDdjenzEKrBejieYIWmAlgcQgbWnagMvdybMfiAtmvTyHfumBalOFuyrXGdizma', '1963-3-6', 43725651, 41054367, NULL);
INSERT INTO Message VALUES (24863498, 'cLKyKDhsLzxuByGJmdRjeYsONiPYqwvFzdiCPzfDQirfordQqJcakMulhXsxfPOMLmYXViwiKqtXpiCGFmIjQULoWEpvMPTDQFXa', '1991-10-15', 84805172, NULL, 28725476);
INSERT INTO Message VALUES (79946913, 'oRIIfKHiSfUHqpRvrMefHXGTZqQTkozoOEYgjUtLXbqXcRdMzGcqiZqEoAtGqCQzyvtNVXvnQbEDPXlSjWkmPyAvKFCZTuIFghbZ', '1953-3-8', 10191253, 61987414, NULL);
INSERT INTO Message VALUES (73701665, 'JdEMKkzeAqNkcIeNIwwyniuFmJKMsKXprwLdfdWOdGvxIHmcjExobliSRnyOiVYmrkDWGQSxTTJrkznhIqBlmFcTzpoakvjWJlcq', '2016-3-14', 15605570, 34051150, NULL);
INSERT INTO Message VALUES (53189334, 'ROUkezKJvtYQbQoIvatgdLiojUkryAWALNEDOVpqfWpgAtGtJqLnganrKpbLOyvzjzuHypnAwiGZcPQNxiWMwCEKiuGfADsjurWp', '1964-3-8', 22358886, 73438163, NULL);
INSERT INTO Message VALUES (73852175, 'enoSKTJfbomvZHjLVBNVWuMDXWAGbYGWmmKMQnSDZLkomrrjDBeUSbvDhSYLvojOAozFbpfPriTkeeRqEzRIHWbRQAVVJHFzQgIt', '1977-6-1', 47865396, 38283310, NULL);
INSERT INTO Message VALUES (77078509, 'EebkEmZGxXvfvaLDHnpVkxxXpHvqFABWfAMjBkfPZlTpJJlwBLmYvyZNbQMnwHZUWZzOjdXfJnrbDcTAZZdjOVUzZVAduwojGNTe', '2004-1-9', 73310718, NULL, 96325602);
INSERT INTO Message VALUES (60625314, 'NwbMAYPLlTBIsyoyNpAnwdtupcEgPMtieICQFlrEJKMiEtqxNrpIkguddaGlrThJPeVkgXZUMYYqLkHpApOqLycRYfkqNzZFIVBu', '2017-10-16', 86423389, 52534172, NULL);
INSERT INTO Message VALUES (19826819, 'dcAiUQoshVtQEiHaNqHljRdNXiyUgUTJJvPSpsuUMMXnptaaGTlLuPulQFvLbepfuAbhwyyjIMkTItnQWubOTJBALAqTYlquzuzu', '2016-4-19', 51172338, NULL, 77168859);
INSERT INTO Message VALUES (83351820, 'cSHieXgduQuIJoMntAodutquSsOBCaAgXbeFLApxvzFrOUwsuyXWDWKWTcifuiXCpbeXxhMMenpeIrMARIwdtWzEefrlRAYqRPXe', '1952-8-13', 53710018, 41054367, NULL);
INSERT INTO Message VALUES (79767099, 'JYamJIWkeVwEriZWPDutcpIBIdSsZCETYbobWyRMcbWUSfpEEeIogHSPdOGHhGlhdQhSlOVsTostsamCsvvwtgNhyIBCQQGZCmtH', '1999-6-23', 39829485, 73438163, NULL);
INSERT INTO Message VALUES (93711300, 'sInCgErCHASFoSMAXDAifvDhuNzFtymffCIQrMTvyuxgxIsDDdFPLZEWnEiezdftXQDuxcjLwJugcjaQFVhtNYsweRWHLNHVMCFq', '1959-2-22', 85444693, NULL, 34556237);
INSERT INTO Message VALUES (27899276, 'HaLBoeQlyngITioNjkedHCgzuiYtfkoTmaYHaxiSdLqtmtqvMMCTZzOUVbqNKBfrMXftHWvVheWfhvgdTNEXwiVgUaHYrcoFOcKN', '1958-4-14', 51172338, 42177918, NULL);
INSERT INTO Message VALUES (98872067, 'nNNsPsKjvpHKxiQfiUIMIxfJfOfmEknOtPSjXKvfiQAKfMbYqOZQiqMrOUelDYOzesxdkRCgdjTVaNuqeCCVdNZZeguobNUytbLN', '2006-1-26', 77464151, 73438163, NULL);
INSERT INTO Message VALUES (61628991, 'jOJivphJtrbTRQdOqBGudrPPnpKNQflTuCiNYpuyiETytAbkdlizuRjRXiqJYoWVKcgESNpAairAOtLXXzqUudSHNvvWLgbpdilq', '1973-6-22', 93272550, NULL, 40770604);
INSERT INTO Message VALUES (86136108, 'yNfQttCzEFTzqMfmYurImqNzMvcYKBgtEgoleYZKLGZYuQxbhxdQRAeQDKoeIExIkrnYqqpHQlbKGcVMLKTsygGMrBNsaMfYacGi', '1960-2-10', 63370045, 52534172, NULL);
INSERT INTO Message VALUES (90942247, 'vuPoCNUyQEbXtZOSbkTGMdAirmdFRBpkIBpesNkQnRfUlaLTPGxauXpuoCrOkJlDScrnZdhzgPtyBdKkXNYTNMnQAeqpGfmLBmks', '1957-9-3', 42218193, NULL, 93272550);
INSERT INTO Message VALUES (10978993, 'GuTHTiXZAhnTyYiFYMlpGiwufiCiDaJXXczGuZnWYODDqnalSrRwmWGJLBRfmVgRyjMoIARuWgZQwJLdWBpDROxraZxQRkfxnqzT', '1966-4-6', 38140829, NULL, 53710018);
INSERT INTO Message VALUES (70543379, 'RzFvRXOoQpDIQOeASJHJMqKwEzCRoleAvtFxMQqagcSCzaNCMJJiOxXvACfDerdJtiipNlDJwWEziycAgkrOaRdeHfkaBvPQtUOS', '1985-2-12', 96325602, 34051150, NULL);
INSERT INTO Message VALUES (49992341, 'QWHxiocUnzGmVpSQvjkvWSTgVnVDShRFuprtOAEHQqHegghQWprQfulAaJQYPVERfIVZpEfTtkylgcfcKCApLyTeaIHIFOxjVbqF', '1971-5-18', 40053648, 34051150, NULL);
INSERT INTO Message VALUES (59279206, 'uSMlNagXLfwfOZYKzRxtGMASyWmAFXhsdgoVRRLkuiELRrXVXTRPIBLzcKKGEeePeZdZxBrNCUaZljusMgfiWRYVNzMuHvqvuaWc', '2014-9-25', 75275770, NULL, 10191253);
INSERT INTO Message VALUES (97325975, 'bqVKnBevcLCioFRbqlgyfLRNheKUiiKJaVWBYuacsetOkDNZyIUelhhdLwWtRTmReZOiJWbqGtLFhyMrMHnzWPCpePTbRzEpKsIJ', '1956-8-7', 10026858, 38283310, NULL);
INSERT INTO Message VALUES (32538771, 'vcCygfKrdevkmwjefrPzQzBcpEwvPBCGSyhSOBkoOMPQqrHnYGDFWMSIuqMKJhXKuZYGcmkuKbtWdfmDmHyrkXJuttcTwoZYKRCY', '1987-8-7', 77464151, 38283310, NULL);
INSERT INTO Message VALUES (50454762, 'AIrfESCNpUKkvgXASKkmOxCNszqTgAKLuahBLEHqVJwvXrFVPKcssxZKQFtGroHIzotKiKqGDVyZymPIPgEqvZzOSecygcbTKMQA', '1959-10-12', 34929524, NULL, 87472926);
INSERT INTO Message VALUES (94144732, 'NomFUPxPftkUDAXPIyJhAjKQdlSRbyFEIPlYsoTiAtjGtpAeSfKJBbvMjEADfiuqGtDaqqZMPAboMKVODRfCYRLLxSCqQPtnzzvx', '2001-9-18', 61564979, 61987414, NULL);
INSERT INTO Message VALUES (44066761, 'zgWlbXDcpsqGEtTxQtgaDSwFhfmblKHsyBbUAQeqyqYzKrioNwaeBMzCiSBpNAqELvlFsrWVDmGgFvqhHERHSnmFYYqgYLCTzwaD', '1964-5-5', 22358886, NULL, 78191731);
INSERT INTO Message VALUES (11092077, 'keQLMlpXHMeedcoRLhvmepufJIMYbaAMeHKnVhJcUXJBDvkYvIhfceKaRuUebmMskHveklYGHUiwjBxvpUCXquyoXvqmfbNiiTlv', '1977-10-13', 40939760, 52534172, NULL);
INSERT INTO Message VALUES (34554195, 'LFCerUhaMuEXGCajASWjKmpQeVibmXYUgeTJhkkHFLvFoFjHeRlhIhHyfHMuhYaLYGMsxWzozURaxcBVCtIHOnodSHBbhYuSKgkC', '1997-3-26', 81658869, NULL, 51845175);
INSERT INTO Message VALUES (62181278, 'gVhSXHXSDmRiUqNkclhQYnMzQohgoDxSmZJNcbskZLgkoCIHTSBcUfZwUgFDvkuVdQjCNHIhZsohuKHRCDaGGqomUSOaeCkmdhWB', '2008-4-21', 35032784, NULL, 40939760);
INSERT INTO Message VALUES (16776002, 'PTeVjSbgTyZQUefWJdGnfbfCyTybjCnctXFXKjhfgZCrUQmQlZZoVRoabKFNRMfOMnkjQbfEeGtxJlExHkBBOZcxGgkMXEJxziXW', '2012-9-21', 78191731, 38283310, NULL);
INSERT INTO Message VALUES (46639357, 'TvaKTytGSmfPDtyATVonmYfXgMwJMfUCaJlKiPSYrWBlwXeFCcfJhyfzQXhQgewARLTlhZvdXQNmzFwsgPtXmcvdASXYAfybTnkN', '1985-5-14', 51172338, 34051150, NULL);
INSERT INTO Message VALUES (93049118, 'DSZoxIrOIpKsAKQhlihoFXXRZMcTrcKkvJzivNFRXUcUxFzsJfHFSnBEirAMpxMWbsNvbiQhoLaugJNjrVPRhQOqvLAVlIAfaZUH', '1976-10-18', 53710018, NULL, 84925818);
INSERT INTO Message VALUES (11923202, 'PHsQUHGvThyXTvbmezkoIenfSSHjvVjCoFguftSlcprdBcChqafdDyHYJrvctCDRkIentjntnwzfHeBnutwAJuOEwJMHqAKMZOzy', '1981-6-13', 26960865, 42177918, NULL);
INSERT INTO Message VALUES (35712421, 'XMfeinEnLlUckVYCBNOHBigLuGwKbfbWBjslXUZphIYEYzcSdnwuLqPmoRZFcBCNgLwjPBMBArVviUnTHbqnxWwrGIxeqDCyplmf', '1962-6-13', 89107630, NULL, 67441869);
INSERT INTO Message VALUES (21769694, 'izxZReKiTwZbZFuPvwDVvntPZdPGeCbyQmNfJxHTTdtcypMbvrLPIASANFdvVvaFyOcZwbXZAAHMTAMDPmLzMTYihszldXQcAkxD', '1963-2-27', 34929524, NULL, 47865396);
INSERT INTO Message VALUES (92363867, 'ksLmLYdVknTETGuDREYGpuakbGrhLvLAbKrzNHYxPdVKKcDWxccNViVbAqSBNStErVduFwbgRogPsBmepHhvmFMuDVqNHGUGOvQu', '2009-8-15', 91712518, NULL, 10103089);
INSERT INTO Message VALUES (98011987, 'pjOqLLeURugaJUMnDRaCJFfoBceJoIkIYGfjEWeMhYWjuLnvuPnfjBWSyKEXfkZzgelEIFxrAmNZkOfPGLyxYAdMuBlnfjEIqFPQ', '1995-5-13', 51172338, 89665310, NULL);
INSERT INTO Message VALUES (33673981, 'qFQpjIMxedFXFEakecNVjvOhrvWmcDJJiufVHgJlpZxZtzaWIICOVOwpdyXpCwCMlMweILgjDtZdJxnfrwBsOFrHSPpVxbqhSlsB', '1987-11-9', 15605570, 89665310, NULL);
INSERT INTO Message VALUES (56286533, 'IImWTSexoMlufmonoJQuiPQRjSwmXoWIuwSEYKLTcpLUNuWooTryzSVwINTVLcuuJQajVTsmsCgWyTtTokboXbjBpihUCSqBLZef', '1990-4-10', 26960865, 52534172, NULL);
INSERT INTO Message VALUES (29417105, 'JkzyaGQvKDDtoypamQhOHirDPqLJYLkxrfjMlZJFpYkGSzowfBOipupcHBBisuZmuAyERetuCrQnqhSFcsImsjlBajHdpSffhnPm', '1972-6-13', 28374190, 52534172, NULL);
INSERT INTO Message VALUES (46641038, 'GXRqkJImNFjCzHySoIJhktaCSteLIKxPVLjGwfXpGXoETTrSiGCQocbrxrCUnINfQRBLyRRPFdDNcIWZDMzdZpprFUtuSQVwvpUn', '1952-4-5', 36638818, 42177918, NULL);
INSERT INTO Message VALUES (55078471, 'UIMbNuPFKMvdmSrVKkZrkIQmEPShRwcbqkFvgQuNOqLzAuqXpgkhNkKkTluvvFuZNNpNnAIHYEKkLUWqyZkCZrCKdLTQTPMkchDw', '2014-3-23', 40770604, 42177918, NULL);
INSERT INTO Message VALUES (20965500, 'yGCBJJcdSCWHyzwIcxqUYQXeGSunLaejLBbmwkEuQzHznSjVsCUvZXQLmpEMMNugPhvbcDzkdAmgcORfSKwUmfqXiYkQoGfeXwzf', '2001-6-12', 22286179, NULL, 34556237);
INSERT INTO Message VALUES (24703919, 'GQrQhZKAfiWayJODRtVOmEoFBaaAjgHPAjScEgEfzayHhVPSRyAivhgZudMZpngMOyzIUAzSdOVUCgNcyDZyVPxbeGVRuTvrOrZN', '1997-8-12', 42218193, NULL, 69171759);
INSERT INTO Message VALUES (15312345, 'DpTgLMCmUwXbdgCahvvJDaOFGQpHcCmuaVtTezTCzstgbABkAneqmWcLniVGLzcApPhAcmTnLhwrAoRurJnaHGYftGIcRRaZrhgm', '1967-3-19', 92090725, 38283310, NULL);
INSERT INTO Message VALUES (18335928, 'vttmtgKgKmcMoOvTnwgaqCQmCBMSmrstyBkwpghREYPvNPAmafuHpOUilKeRRNsDgpKMuiaegAcGwatiMsbjiWLiUFrGErXfbViG', '1969-5-17', 19060961, 61987414, NULL);
INSERT INTO Message VALUES (14912290, 'yDJmDKXZTIKrNKjEvkNapqqaYhlMcQnfdsIJMCAAcJRyehlWTZEtQYtpPzntiXNjhFtVxaaqEFjCKlQOYrPPEaCquFxmJruAFFGD', '1995-8-6', 27409519, NULL, 61564979);
INSERT INTO Message VALUES (20518266, 'MKlnkfZsMLvfiBUMdXihZbNYErwgsaOzLXFbjZNhGsdVyFatFDCPxYobNlYZfJCJzYTHVJuJSTxqsLrAfkzAwqvvdpCFLbkngVlA', '2014-3-6', 40939760, 52534172, NULL);
INSERT INTO Message VALUES (14869657, 'qHErjGnRJhmTCpOChSTlbxAUjldgrvZDKFphLipOfCnyhFckJFdALqxrLakotnHzkdRcuXKRQcBVycQLXamaYpUVTZEBuDQkedpU', '1987-1-7', 85746368, NULL, 31390718);
INSERT INTO Message VALUES (79670133, 'whbWszhOtRissyucvWITwtXsJzKyFrYSzigfjWrtaAvgAUIOoCeiicqnnxXPziQrowCYBBTMAKBkftDBjnXIaymWavGwyezecSFS', '2016-11-10', 85746368, 73438163, NULL);
INSERT INTO Message VALUES (22725343, 'YsADfkWnkoHzBlUDtLZVTxnXVbCvwNRGWCvAOnAtBjNQvllscjCNwkQAHYRIuTCDtImxMWZzPEBMSlzEJOYArVPOOtTQHVYSiNDX', '1980-5-13', 42218193, 52534172, NULL);
INSERT INTO Message VALUES (41142188, 'qFhMDhvIYPZKLjcxNMXZliRvglVSReqJgWXaJzFByMJSdGnnpIqkuINtfeMXarKRJMkBQQWrGnCeGAjqMWvBOaZKqYSpJFxHGpen', '1968-10-15', 96325602, 61987414, NULL);
INSERT INTO Message VALUES (19700911, 'wUziNflqKNtRMWylldGnTMlvaMwhGaXkVEKyrWWixsNQWJTiMCcRAsppVKiMDvSGyofUvBQwZJZmuclvHzURhdMUNhlzTRmrKbbo', '1974-7-25', 39829485, NULL, 51737192);
INSERT INTO Message VALUES (29859245, 'QuelzJtTzZJXWSdvsQJrZFvytCChpshjDdnLAOeSiTjanKCxTgKFEovYvcgtmiURUMlJFXGotweYdxgWeIuhyeryMRujgCMUAPQJ', '1993-10-15', 42218193, NULL, 83601375);
INSERT INTO Message VALUES (77300723, 'GfaOaPAsblqHpQieDVVWYEpYBRrRcNyAdPVUjOLbcCuglWLJlwnrJCeRcPehdFWrbNdQKRvHoYxoAETWbEHdLlxlbfRaxCIAnjkY', '1977-8-5', 91712518, 34051150, NULL);
INSERT INTO Message VALUES (58601416, 'zGiIBjHyDTcydoftENbxHHcJAihplgESDoYOaWaqoZqRxuLFfIsVtHVNlCjnBGQlOLLKaCPgChuphNOgTSPKjdLDoaYUbHAKKXBk', '1992-6-20', 81658869, NULL, 96562547);
INSERT INTO Message VALUES (99361182, 'RYJcLlQCiTSBCXMaqgXLzCgToJXNFxVAQECbZihuSBpWRYOLvUXDgctgtvPDTzERWbHhVuSVyrwAbyytlJWksbldGZjdqMvtDxsU', '1951-3-24', 72831530, 61987414, NULL);
INSERT INTO Message VALUES (37445338, 'UzXgEFumsYVcnoPoLzNnThlZYpqZWVjGuahwWaWStMYJbuJAfgTdAOYHvFZmWytOHgqOOOuAqQVzfZvRdXjGeIeiMjOZmsrMyXlb', '1983-5-11', 36638818, NULL, 28725476);
INSERT INTO Message VALUES (56374059, 'weRxpIpIjeYvJynEvKaWFFPBrAlLjmksHHiowMJnmCZHzbRmDNfBEpPQhNWxatJtqfQGmGuukhGhkkLiVpaRQEJBMipnpyIhNUeo', '2004-2-21', 29514138, NULL, 78191731);
INSERT INTO Message VALUES (53142264, 'tJmzvIGcqegBmvzhOYKEcwOhAGfCBGXcQcHdXqwnarnUBsknQBCvVPDMxydhGSzUBxSlMezqEPNFWkSelgqbANSPcvRAkHWQYwgV', '1979-9-12', 38426423, NULL, 22358886);
INSERT INTO Message VALUES (32789602, 'jchEvihsGiSdBIKPMzcWFQoOftPTKzcEVibxckpIPqusJuweZRoqyYUzJzDAPDuRcugckZZjdXCqmravCEiyRmHqmFYLrKEDZjJD', '2003-4-7', 53710018, 89665310, NULL);
INSERT INTO Message VALUES (61799821, 'LtPnytYCDhFvvXbbhfxcxNFFoBMMipoodEJiKXQFqSNTPrzCykFoCNmnBePhwULFlQwctzjDNjHfuPjlvrozVPyTXpcYLWyZorEM', '2010-11-17', 75275770, 89665310, NULL);
INSERT INTO Message VALUES (58087008, 'zFWzBDJTdWcbskKYUReFlyloZBRjFiWhwADGGjVKHnntsKLZkrKzqgFhzaDexKCKsJomkgFCnKPSzFUlPGPzciFFJPhvkFYJBcEz', '2017-7-4', 51172338, 73438163, NULL);
INSERT INTO Message VALUES (90942095, 'ZqrzWSgLxglQdxlUCjqVKJDLCzwbTzOGTwHBmvzHlQxkvIDMQbTiYyQcyFcnmSLoSsouMTTFRdEXQDvoCZjmTZwddBGGiJbiSpwD', '1983-2-27', 80289401, 38283310, NULL);
INSERT INTO Message VALUES (48468620, 'duXOmMKXYuMKQzqfuHNlZbBzsEPWIvLKyAqxjEJHnMhVKGOczPjzgIPfUnsinXbLDEBrrYqqnvYHzVCaGzysJoNzVlICLBZUEAdb', '1974-8-24', 10026858, 89665310, NULL);
INSERT INTO Message VALUES (79892500, 'HqpCtzLCGcfiSqDlyGnlIJMWLwFEXzuEHXAnAehtkNKJRoLAgUrqFyeHQgGRtnegDMpnnpucgLJhYGoqGEMpzvYdAunYBDmQAyub', '2009-9-7', 75863796, NULL, 29514138);
INSERT INTO Message VALUES (21225230, 'vWnrmnYyQAPKyYzfiuDagDBXSeiDLrzjXrxEmsMvbBCqMqbdkDjcwZGdvxRQWKdagMJjvylgFMTiWNczebgTtHNpbPEBvmVguuZy', '1989-4-6', 96562547, 61987414, NULL);
INSERT INTO Message VALUES (15705446, 'fUUFEnOMCfkYooSJXvUHgXYwrQgzmCZvNjxmCcmoVOctQFOZyspFHnNUAkuafUAkbjUtBNfaAbzWZVMVuorRClatYXZPPtEgAWFC', '1981-3-23', 34929524, 41054367, NULL);
INSERT INTO Message VALUES (97254982, 'fAPIZJMHlroKOacnRlovBbBvXuYzNjBeJhlfyuMvOQYlLklStMFmaesbHtXFtCZFeQdCNoUcJydDaYaldpcghmXFzjdSJMWbXBCe', '1982-4-25', 72019732, NULL, 51845175);
INSERT INTO Message VALUES (76724456, 'NpzmsNFEvAWuxMKDTUOKpHfOgqaNMIqNTAblNBzekOwHJmCQGLXTwUENkaRosttlWuPMWcvfCrSHoZEUlUaipfdibFLfqlleINuv', '1960-2-16', 16323735, NULL, 94762544);
INSERT INTO Message VALUES (28664591, 'dCRdjJJpTlYqGiyXwtOOaNaStVrzBEkpCCMMHwKbXKbkpiOXrokGOjbFzVKPSSMQZrqWiAmGzODwHNMniayRdOjsEMrDLGMsjYqd', '2005-1-24', 87472926, NULL, 27409519);
INSERT INTO Message VALUES (47324261, 'PkXLtxMDvGxXNnLLiiJEozMaZAcvzYuIetQbrzLRdlSuwdGGefkVoIUlNIJcbIGvvpKxJGXNDabSjsJydUSfHLgJRNxLYVtDHAGD', '2007-5-18', 38140829, NULL, 91712518);
INSERT INTO Message VALUES (40304995, 'nQqHltIePVMAYGnuFVosOVxBcnWyUXOMyOxLHPhYCqMnPcIZzKEbygbcGMVmYXNSKfgQcEcdRQqNEBBRTClHXEryNPyMNSdBdEhR', '1960-3-8', 40053648, 34051150, NULL);
INSERT INTO Message VALUES (85133997, 'avZwRbGAKpQQZwNREwctWFaCrAbSLnQgeUZSkREDpevnxsyHwvICawRfRWqBKFULnLaXlFTYOTTWWulalDqIcReOKTXvqgqnEuXd', '2001-3-21', 80289401, NULL, 10978865);
INSERT INTO Message VALUES (51846024, 'wejZZLnhIrwKsmHLXIIHXYQeHHAXuZyYBmaOjvSHiHUPJXihPPvKYSQnmbGDlaHEobVYZvuBmcTLOeFesTStjWoKeNNhBcLKzMLG', '2014-2-24', 83894295, 89665310, NULL);
INSERT INTO Message VALUES (48914325, 'rINkLiieSnQVgeJcRCRYrvFbkKUBOZVWwKfibCSALwrQzCifybicAgizxVshlkjhWbqCvhmmtoKWDxzYgcIjJuXTlMczaAeYyMTO', '2012-8-16', 69171759, NULL, 72831530);
INSERT INTO Message VALUES (39095987, 'cKPvfIXIsxLUgKtbmldamssTCaekgVgEKlziecAhIXcZIVbYfyasEcEEHbeIZJACYlKXdmjMIFxvPhcXHTzlqjUevTpXqPgwzhYJ', '1954-8-5', 36638818, NULL, 41704795);
INSERT INTO Message VALUES (67028437, 'TDibzgVznXPkeKsAAkIIDITOkduETaVevCPaxbLkuUDbzPxxzbZAwXFbnZVBYvZPvVkPiGIPoHEMnwDJkiySzRaETtIkmikuLlAg', '1959-5-3', 10026858, 34051150, NULL);
INSERT INTO Message VALUES (98913842, 'vxxfIBLsOSlHbCJlrEtlNlgoeRCnylxhbdZCDWGRfEuGfSvpYwUkqsLMOuCimLULZNDzKsqHvLgkqppwhcKMWnGUwFWdHSaRegbP', '1959-6-16', 15605570, NULL, 78191731);
INSERT INTO Message VALUES (22593239, 'mtRtyJSWmwENvZaedOChsXnZHJLenkZXpWHXBNsIwSzzTlBepdKfdiARYnhtBprNmOvsHVDSswWBtMpqvoDgxAFFuZmpJSRwggQh', '2009-8-15', 28612531, NULL, 40939760);
INSERT INTO Message VALUES (63178219, 'QzVCQlxUdNrWYzyxqQUkkTCPwcrfCLDJcbhFoqnSLKTVUQjxIAgWleJgfooAxripDcedUuHOeSOBtDfBjLmzwandjxeisPFmiznw', '1959-7-12', 95951112, NULL, 96325602);
INSERT INTO Message VALUES (59254690, 'aDYJSwoqJuQCOlFocENRQLpkqWPmYELXUOdkePhWNOQXcPguQxfSzMdsELeVHkmHNLNuVvbSvdNrEfjQLGCdYruiCNBBKIFKKnhg', '1984-10-15', 51845175, 61987414, NULL);
INSERT INTO Message VALUES (24797668, 'jyzbkJHwLdSaERfdBxqPsZimlGFdWkLEOGVLNldhkFKGbeKNfZiFWSFEibPXVKzoFGvKCxiuPqDsLszALBUaHaCmWaXTuUmwQSxX', '1965-5-9', 41704795, NULL, 16323735);
INSERT INTO Message VALUES (58417180, 'ddJrZSNTBTaBcpvMJLyTGBYcyRzxKyGPNaJwBixjqAnSBWhTXkIOBziWgRvVDHqqFPSrVUArKFZdIXYDRSiayeNTwcDSZxNeqckV', '1977-1-8', 86423389, NULL, 22286179);
INSERT INTO Message VALUES (69130909, 'RjihcarBnyrzGpakbXdyqkxPdcrsysvYOBRZiNYMgUtAlNSnUFapKBQGJiIlhSRQQiLfhRhuAmSufesSgjXoAghIGWipMDnNyvvM', '1974-6-6', 41855555, NULL, 26960865);
INSERT INTO Message VALUES (73154920, 'KeLUhXQwcifnajLGIpTUrtGgRvGySxCxtATYrgOeEoSLnDtzhuouzHNTyfXmYcEIsKhhdWMXOQjUAbtndePSXyTUuicjlIEWbkdX', '1963-8-11', 37550074, NULL, 12845833);
INSERT INTO Message VALUES (12136083, 'RcfUQeFwTUIQoKmlukXtNiBZOCzoNxuVfFlEwXLTnGrQpBCPjsYWqnKxkjjHGisrfefEeUjsNAQYCdiNEpOwSlDHtUvTUkICcCrT', '1969-1-9', 38140829, 89665310, NULL);
INSERT INTO Message VALUES (52534147, 'BXXvXzGJAhnPFSJNkmkMjPzubmTJZdDKzluRnxUuhbJHknJqVxdXwHdeEUAYtPxVmFnJiJzTfMVjejzHdipFxCtgIfXMfWdsUACf', '1987-3-20', 41706949, 41054367, NULL);
INSERT INTO Message VALUES (20272771, 'KglBMIiNWxVAYVMKRtOhuMjzJQQWDoaIaJhIzhoplCcIIYCJUseuFPeDqLtfhAPNdwJXTQDRDkFuypatCbxISrSWodofsgWHioio', '2003-8-5', 63370045, 52534172, NULL);
INSERT INTO Message VALUES (64505299, 'ehsOJFcNdxBRNShDgOkQJlzjNkGEdrNLJPufoRJWbkjQaMHlbCVAOsXIvWzdiAiTucDqhwTHXPdDHCbMiWiPZxRGugdfyDtaqaKR', '1953-11-8', 83894295, 98009564, NULL);
INSERT INTO Message VALUES (98100955, 'DLgmlKvsQRVqQDraOvbrSRwkZbikJtVdtNQHTuVTUGcFzWXCtVVhXXOmjhbGNBUEpeGtOdsRtTtZudfszEUqKHiePgUUeyYjBstj', '1967-8-15', 92090725, NULL, 84925818);
INSERT INTO Message VALUES (79158265, 'MNkiuOKzawXwwZhqlpCssGDJmQdhsFlWGvnpKJsktWwSEIBJqWESwYBEGGXPdOUQKAbAXbxcHSbCVoastaoOEybfxRxSJFUpOGQs', '1994-7-11', 81658869, NULL, 10978865);
INSERT INTO Message VALUES (28863159, 'MydlTlJgXdJAsmPIRGEeMaQkQKHzEiUOgpjadYKklCMwtHSdtxTgkGLxhMUdKZEcZNTjHQoIbMiENEuJIxoYQchnWEmXSUrlebCp', '1965-1-23', 45275576, NULL, 10191253);
INSERT INTO Message VALUES (18675434, 'pFJzBLKxoOUeMfEkebmyWHCvwyivjAzDcxNyTfbniHYkQUSPUYMVQDWeiPdjevlCAKIHgMchVpkwZzsdncKAuhRYINfiQUCSuFYv', '2011-10-27', 47865396, NULL, 10103089);
INSERT INTO Message VALUES (87994124, 'eVyFuqLSfqvouRkaQYCJMLJqpKeyVUGOpSqWLMrAvbmNxXnPGRAEqsxZKnbsqGPSUaJqNfaBDIHxLxgBCWiuCYJtXPYFUpAwBhqH', '1958-11-24', 94762544, NULL, 78304851);
INSERT INTO Message VALUES (97233073, 'lCASoGMpNfpFCXbCecQiGdcyalaegSNMJgNpWlNxoQsSpPdmUhMPxQalsTfCOYAwTCNXCGQDGLDdmYlzxiYhjEJkpMkfDskQwxWE', '2012-4-19', 28725476, NULL, 86423389);
INSERT INTO Message VALUES (28524621, 'AmlwJdQgVJxjmLqmzntpclLimilBAPsQSFuuUVLEjjohMuVBfvjVeYdXTPgCjowOmOKJJjpXVdErAAOqHjjXJQwIDAAXvvrkofsF', '1952-11-17', 56387722, 61987414, NULL);
INSERT INTO Message VALUES (32370294, 'DvmhMisqErHcLNaaYEnjpHIdpRgfxFBWBvfYdvqFmorkQEOQGbZUjISQCeeoUiaYqKrulUNVkoTYEZAsRObulHLpLGIeNgYaMXVs', '1953-7-18', 22286179, NULL, 56614881);
INSERT INTO Message VALUES (40863497, 'GqQTMneqCfIgDJzOnXEIAvYloVGQPxgTiQQoksZwZxWvrypsGJrKeolWeWnExOpWUSUrURuYicRCVNGaGKCoITotsZLjrlJXnZbs', '1952-8-18', 85746368, 61987414, NULL);
INSERT INTO Message VALUES (15634174, 'rBZfoNfhDxqMmLQmXaikBPRiiGtDrvAfEwlrGtOBtDakFfSIxDuVPyyuuGvCBtujMGNOuDqCnEixLrxaghZKjRgsfgPUjselebom', '1959-7-21', 10026858, 42177918, NULL);
INSERT INTO Message VALUES (29646499, 'RCsBwJvOhTvyoKhGgDffcWnQnxAgyQAjeGwHkHjyvWQmWFRdoFoIYCTvIwfoSJLiYpclMLlPzAmfffDURxJwrEgNQvcSGcBTbKlX', '1950-7-18', 87472926, NULL, 40939760);
INSERT INTO Message VALUES (33929214, 'rnPrpZJWRoJeCxPfyQvgzfqeVudZCHVhyjgMcfAxMCkGNGGgrHGZRKwjintlAcOqYdRMvqBsYBkkteTNxjyFHsXZTLWIdEXUtSxA', '1952-5-17', 67657169, 34051150, NULL);
INSERT INTO Message VALUES (81807331, 'PPPnTJpykFipZMqforjisRDBiiBjVyfIotWesgLGBHMzAJOVFBIMlPGtXrXxIJbRKRfdbiQPIdLEviJtTDbpLSfJvRFmjfreLIAD', '1980-3-11', 29514138, NULL, 34627669);
INSERT INTO Message VALUES (21596267, 'mgUHTbYQyfOejIhfLnFXFPAeTPVHldPUXETzwhBElWXyiDBzTeiypXNvpAPIfQkKjUrKLQCHvFOqWdjLeHWYPeluvMBujuwqVfbo', '1977-1-10', 92090725, NULL, 80289401);
INSERT INTO Message VALUES (58314891, 'hQIeFSylGwtXjwUmuZAIiUamsHFyXeFAECBFyQrqFCXHtdwqOHKDvXlWtGwQyUzBZdPxNaBGyCDfTmUnFCYVIIdAWPNHtNsPZLcu', '2000-10-9', 93272550, 42177918, NULL);
INSERT INTO Message VALUES (46048900, 'mOmhLGoXXquVUQjejUSAoCXLYGiyeOjQNiaoKsEtlrHpjFKmEKoOVYPAdZMISfdFfXWhmLfiPDBGRbIBQRCLKHfyytTkXxQRqvEq', '2000-4-12', 77464151, NULL, 28725476);
INSERT INTO Message VALUES (16851617, 'pUYkLSWZQWSJOdiAazcWfluNrxsCPuCmsDMrUwNTjLoEfGzkXxVWuNWNpplQiaJrlmJXXspPWYsWNHfxbnYtgMOJjzoFNYMPOetc', '1990-1-8', 41855555, NULL, 73310718);
INSERT INTO Message VALUES (64160562, 'pVMvVbhKZMVDFqvTyKIPSfmAKfynJyVxgaChXrYBdrERuOWxjGIVzZySkZBqWFttDQHWcvfaQqWXeUFkDgqgoSZjqLgzdZkhuApz', '1970-7-25', 43725651, 98009564, NULL);
INSERT INTO Message VALUES (89031623, 'OuUHJUJEYOFMzPqsfjkabVNOhQSIdnrKbHucLesCDhOgunsbXdKwJbMNaGuohCXSuAtiRnzNHayKaLjomjiOcWrHuVEPBRTvAMRu', '1995-9-14', 89107630, 52534172, NULL);
INSERT INTO Message VALUES (41146389, 'NOkXTSoqkFHkZCFYpOuZCiIMyAAyeEGSOIjteLQpiJKAMExaToAxqHxacGBQlLeWpoMTNotEnureUoXQzhBlDYMoNvrJzHpwanjz', '2000-11-12', 46103342, NULL, 67441869);
INSERT INTO Message VALUES (68772826, 'KRLgwfUScQQCPwyRGhmzsKKSWpmMNJcibThjhogSuwhkfFXacZKylOcbIIxedhDSRjcNxpFCzQnniUnjagfCtSnxGVkBGcbOQqQY', '1955-4-9', 43394595, NULL, 56614881);
INSERT INTO Message VALUES (32763562, 'aLJiAFgaGualBWMkyRMOWnBMUipHdIVBWilzRJJCxWvMRZsybqetBNNWZXPRbayYxnjViKHcPEtAWxKvfSenPoifmhdAcHIXWBYZ', '2013-8-25', 63370045, 42177918, NULL);
INSERT INTO Message VALUES (83620085, 'hgXIQbqShgdEzRUalWKqozWAOCLvnDYswarpXsXtqbaIBqJNzlMUDWwgtEbCUAfboKXjVmWbNIJPHjUvJtAxuQMWcATHcFLjOXMw', '2010-3-17', 56614881, NULL, 47865396);
INSERT INTO Message VALUES (46149092, 'ChaLbEWyRdEYIrzUlPQmEqvlJmvJrUpsAfKvrEaZLjVipnMeuxYWjQvbiwSpWPrcXNbLaQzQCtfHjdvadmBdjzrEpNOnlhVSooCO', '1964-3-2', 56614881, 34051150, NULL);
INSERT INTO Message VALUES (98738572, 'QxNxqiKIxOKYSZxwzhizrdTcLSsefRdxAVAcFOZJetzuPDHfejrCrPOktjnTemypSWsRdKULNnreeTPTGKvvBkhUoUjeVGbHjxsQ', '1968-6-24', 24356913, NULL, 63370045);
INSERT INTO Message VALUES (40507921, 'tuAwavgMFHFQYOFiWlWJUFSCwKnmohjeyFZtTHWPJgRJFQzEFaLlGLLnfMVhYWoliUWzIPNFMqfFdntSSxViAwxMsFkHzvxJgZwF', '1972-11-18', 91712518, NULL, 91147071);
INSERT INTO Message VALUES (59224304, 'cJzdLMlAXMXyvfRrsprpPsCblEngXPbZyAHvicAXzzuonrubYUNXdXraOfVMfsdAppMZmpysWkgnUTqYIdFiMZYtWQdXzHiQrMTO', '1967-2-12', 51530651, NULL, 34556237);
INSERT INTO Message VALUES (73938276, 'JXjsdUbvdsfUoExpAlllnxcSWqAEDuqtjXEeFLpYjLIzeIpgQClIkLjmikzKuvQJuiWohIkdYVCPbBsXyTPQEjivTnnoTCroELfk', '1994-8-27', 23518172, NULL, 23518172);
INSERT INTO Message VALUES (60473911, 'KhrNpXvyeHLATfUZORAKeyXnXRtAfxqQxqPIHBtexOabCfYHeZUcvlmreGgqZcBLIJSomZdUZMfXsORAOKfIciHCBBBjiMWgjCIf', '2003-10-20', 56387722, NULL, 83601375);
INSERT INTO Message VALUES (46949131, 'TxVmVMKGQFhEELbMehhMmyquQMejhrXDVvfmZFwFHGcTRifGQNiRZcuBIwTLprQnBgYfKbuEaDQfreGaybmtyfqObJCkIwHIEjbm', '2004-4-4', 11733028, 98009564, NULL);
INSERT INTO Message VALUES (65669824, 'gZNUcoZrEkUIXNvCbTUqVmjKpzeozLYDRjETtzzTtWOKWCWyvjEKLGAhzghRtNqhxThTLwnkSnOzJYmxARuPnZPcYPbbWPyFcNcw', '1966-4-6', 93272550, NULL, 39829485);
INSERT INTO Message VALUES (25114161, 'ShwQzQTBGXEETknwkDbuzGTPQLevkWnbUeyfBLXUtidGmvOEdqmJyFSimMHRoXoSLTUngpYvFybKhXpixwYiOUkquvnOUrZHcjPs', '1975-8-17', 34627669, 34051150, NULL);
INSERT INTO Message VALUES (59226508, 'AiZxPFsyvWXyPJKfyDJgFxDInNvBeSHnqsMqvnegLYpIKqBWwJbmFxwHorwDgklEpYrrnQfSrMHDhcUcGxqIZynRMoZpPDyFcvzU', '1967-10-8', 77168859, NULL, 16922266);
INSERT INTO Message VALUES (65438890, 'DAJxVvGuNCjeLoVAwWtcgRwdZesbtaoiMBCkuUUPMyKpEQXCtosWlgLewNVzFVfftnAdbxGQFDwBdAClgATXXgAEDyEMGvalzMmo', '1971-5-23', 81658869, NULL, 29514138);
INSERT INTO Message VALUES (61750266, 'RsEGXNViqearTzwRTGqBUubBGYefNacwyOTQknHfTaTnlNguWAutQEtrvFFBSLkHQzuiYKVPwOpXZNDLtFFdAeJuuqMvBpPhVfhy', '1958-1-27', 83894295, NULL, 15605570);
INSERT INTO Message VALUES (19724260, 'yxbKNjgDalDLkacyCNQKLIaelagicywQTcGKtMohVEvdPmTUEUyPWpUtGwYcCdrEuHjzAAGQYgDwCYqQlVbMYDbkHXyZaNvfWEiv', '2015-8-20', 51530651, 73438163, NULL);
INSERT INTO Message VALUES (80173848, 'dYSdfuPpBHmScWCpGRhaybYVoncMAdwvfnlMTgQYcGErqWGvnNwVgZwcYQRuINHpoOrXmWKGyRsczlTTIMpetCVHaJoaKHUwxNKI', '1996-6-25', 80289401, NULL, 23518172);
INSERT INTO Message VALUES (33482992, 'RsUutkTLSTQucLCoYVRlEVCHiteWmZuJVqZNbFlhpkcYHtoVBrmWKpNBzThksSjrdpuRWwSnYbSHqAljUYDLWPhPujgEUTSeKFcY', '2005-8-1', 16323735, NULL, 10978865);
INSERT INTO Message VALUES (56053806, 'LUlBWNWsxukNZtEcUVicSsViksGygLKZooURDdkHBEYJMVUtbjWKvPZhkkfvMoeSHXgnBIFtTchduqTKOuoJUWioSFvPpxZJOmkh', '1963-6-25', 51172338, NULL, 75863796);
INSERT INTO Message VALUES (26533551, 'JSRomAyIYTEFRecAvLtxzfMxCKqxufilBRAfnzyRKGsOdMJZQFaiZGoCFKeMUFljimokKsALoOzquvYyRZCGTfhOhvFwkxfXarhw', '1951-4-14', 37550074, 98009564, NULL);
INSERT INTO Message VALUES (59637571, 'BKunBZNPxTbhRvzPjFqPFPxzuchwDUQRNsOVjXIgZZbndhoiLSKOXKkrfjLVLAqsuyVTwqntNPEvFarCXukkjeAQiusIizMrEKxn', '1987-4-6', 60167854, NULL, 93272550);
INSERT INTO Message VALUES (70915834, 'jYbFffxZlYKuqIOwXFZLpiDmQVvWMtLrluIEjlNcyicwpHNaVmNZaaNKcMWXORCHwSjEdCdcVaDsYKXNFIGLdHxHFzluKlxdRYrv', '1966-8-5', 93272550, NULL, 43615315);
INSERT INTO Message VALUES (61176621, 'iZxWRRWkWnLQsGOlwOudEstjNmimgWTbSQyzolHSeYnEPiFYRpBBDMycaGNNUvLxLVFQfJKjuQQNZPilQvMaQAFedoapdyVmSMkh', '2016-4-14', 43725651, NULL, 28725476);
INSERT INTO Message VALUES (35762201, 'ulxLcOfuWKRAQXeuqYbpUhxmNottRrXmBbwIhoqbSeSqqWDYtYGNOIZdWcRvEfhAMcqIOAftvBbhdBUPtJOjafyHMDbREthgCZKJ', '1952-2-2', 28374190, NULL, 23518172);
INSERT INTO Message VALUES (93726944, 'EihNuGlshtPVxgZiStnhHqYfGaFSFWmnGZxbhplHNLWoWntusqEJgtiPKvGzWsPRiPHoMUFnuYZOxeOmpuSVwRGFHTTkLhIkfhyG', '1994-1-4', 87472926, 61987414, NULL);
INSERT INTO Message VALUES (18505817, 'VeBYiOFcpAHnTDVZnJqTliGAbDlSnLNMNvoxFEeUZLUDVnSCTzlECIusjZyLsCIkISQExcQEsZnGWopidUSSNwjlOqWlmKXQDUCA', '1993-4-5', 51172338, NULL, 84925818);
INSERT INTO Message VALUES (43775251, 'MyPeEDMuqAGKvIYyzSszmrWNycRUvpWQyGVfubNKppRBylJozxyXlCfUdwZfULEznftZtWoHjSQoGtuXywROhgxgyjZDyjdTnTNO', '1958-3-3', 38426423, 73438163, NULL);
INSERT INTO Message VALUES (98904857, 'POrIZSxIEOSYOtqNcpDFSxmbQczRIuNYSKnIQeZDZRcmSaWhlJPeIfqbiyTttqSTKaJWzKGeRrxZjypxykWDkXgjcmbRIZHASpZS', '1950-1-12', 23518172, 34051150, NULL);
INSERT INTO Message VALUES (24978131, 'dQmMEVJiRYgxmqeHjdYTpgXlfDFjrtQgpXBRxuruXidQWUMebQVmwlavYhFXQorJnJtSVKWPGuVZKNlkokgGYEwlyqmLSlohgDDw', '1976-2-2', 51530651, NULL, 41855555);
INSERT INTO Message VALUES (97831572, 'HoysvJjpFpCzmYApKVfFhajLjHvPSZgLoVtvbZbLPFRTTpsXKiNyQPTlDGrvRaevknCPDbTkRrvEZhodtDRWAYIxXtrJRqsmcQLh', '1982-10-7', 55928230, 73438163, NULL);
INSERT INTO Message VALUES (61590011, 'dYaukhDUBQxBHOcyaNVwSQBlbMeRlzHdmVnvZbODfeHfGQJoHDfxTognMUaeJlVcXQHveRlKdadxhzestFnZRTWjlCSzUNoQQyYS', '1997-10-23', 80289401, NULL, 53418984);
INSERT INTO Message VALUES (98124659, 'rpFdUvlGpGVaWJcYDhjRvUukPxKcqLmlFmSVMiSbZusYFJUPmNPfdDiSTqrfAleFpstmWqpMzQFbCiDHICFIlpxmEEfLPoJYvlRu', '2006-1-14', 98205682, NULL, 75863796);
INSERT INTO Message VALUES (84109951, 'RihvjeDhTmftXtiYpfyUsKeuKTAMwTCjloaIfYLKIcQIfOqxpXnjWMQhmaUcgBIUAnbUEoNURQQkgyuEQpZpmcYaPLECUJnapZqU', '1963-7-5', 16668432, NULL, 78304851);
INSERT INTO Message VALUES (52193880, 'AYvIiUFukFnNSXRizIlxOEDRsodQWNjDSHGzUVVnfjNfwkEVcncUtqovaModiglNvYMLnJrVoKjUyDcCUZPrqvPafAtYWhqHZecJ', '1952-8-1', 43615315, NULL, 43725651);
INSERT INTO Message VALUES (77577953, 'nxuihiKZbPOHIajRzFQWeoUUzSyfTEweLyuWeduAJjdOpxRXmPOGOERIMqUXGejHvfltTdMrApBHBABgtjpGPCETXZmuRQxApyoX', '1984-7-22', 35032784, 42177918, NULL);
INSERT INTO Message VALUES (52313580, 'vrbQGzZbHdgprOPQpZLkJSQNVBGsLTSfztPfDRjQCLshcvsEhhxEEfvAxuRkdKSgoFBgMsolVynHLOxHAkQqFikeriDnppllOvwP', '1965-4-15', 54154967, NULL, 15605570);
INSERT INTO Message VALUES (97375347, 'yklqWdYZsCWjelfBUmvHnwtBNKkftkvEQPbEQDWVIwMuoaoUungnycuVnLyFxrfUWnHIAUhcYCKsVTeteKcltTZbUvpXeyJjRnXe', '1959-7-27', 61564979, NULL, 85444693);
INSERT INTO Message VALUES (65002586, 'gRhQzLrxhHYNkuTmqGYwZdOFIhGrvlCkImDDtPDRqYsuLtvSspbNGqFTZrtdwPbSkINNMoQHpZGyloEVpHFvJQftOWFJDhcXjZOi', '1971-3-26', 39829485, NULL, 35032784);
INSERT INTO Message VALUES (96473070, 'rgJNgxiydAsxlfmFWBMAxRGQbBfeLOefdRXDZSuWReTLABxnsqXzEVMXEaBLwIXdjoxuYYhbOLQXlTaXvxJImRCsdObtQxTelhIP', '1989-8-11', 45275576, 41054367, NULL);
INSERT INTO Message VALUES (72389376, 'bwzTfJLMzpbfCwIgHmVGwOmdSMZmojAQyAgTAQmicsHhVnwdfRKOPNzOgZDURHHUQxlzlgQaWykITocmiXlGtPbnguGbZsvyAIDX', '1992-9-27', 92090725, NULL, 77607997);
INSERT INTO Message VALUES (37049552, 'dKgHdoGqTgZwcUlpJhzMhcYvropmsPlCJSQMFplRbKZYUaHHHzOPcXcjmvJORkhsaXVcHAniVwYAogWemOIUuvqKJoPaTkqpEmtO', '1995-9-13', 34556237, NULL, 40770604);
INSERT INTO Message VALUES (55522909, 'bbbMWtOFQvpqPWpzFcGylBUweZrcbXiOVzlpdFJUIKdWbgLcIZxpceHTNCNqsFYfhvlptcKUbFXzCaGIahCYnnrWIkmnISJYufHE', '1986-11-7', 27409519, NULL, 87472926);
INSERT INTO Message VALUES (57812449, 'zivOrcckQBEdDXLrRRLbPVCfGexNDJjdGhMVbGVTQcOuNqHaWDlkNLzjazzsMcGjMtRzrBCLdPrqtevQhWWgnzocSwcoIrkJIAWg', '1966-9-14', 43725651, NULL, 72019732);
INSERT INTO Message VALUES (52742575, 'QROYnIsXzFbXLwUpftyGbrAAOKykaXhMzVksraNUmAozFDQivDrezFfvacmQthOlXOzhjjYfmjSvMbvGacxvRAnALAcJhVgSmQbR', '1987-10-21', 22286179, 41054367, NULL);
INSERT INTO Message VALUES (12341532, 'qxGcnFSuiZICcoTRhjEbmEDTNlCcquMrbCOXfFicGUiPnHucmfhgcRfbkrjwWFLfLSKOLZGmLGkLqLJRxxWwlhrjuxNaEAgUJDgM', '2002-6-14', 86423389, NULL, 94762544);
INSERT INTO Message VALUES (83300133, 'FlDIVmruJsCKpPSEVTmMGIeUeBiNLKzdjsIdNSmJoIqxJaOtZGWlYTHUPWXbGXqGNGyLxKYuyvSiLAoYcsKbSwOohawUPeLRBRfJ', '1982-11-11', 69171759, NULL, 35032784);
INSERT INTO Message VALUES (33552042, 'nQZbnroFmwRncbxzYhJmDwfSWrFthTCsxyYEMDHcqiyjtwvOXfrtfZlsGSnAItIkXEjoBqivSbHKzROImmYRbKRkksrgBPJAGlQC', '2000-11-27', 60167854, NULL, 34627669);
INSERT INTO Message VALUES (82731270, 'KNyOuIeKKILdrVNbQBPIfPcSatLbkeGvyrJivvJxgNvySpDlLIkJFrFvQCrfHtreYtFHZoDxAzhjzjpWMimUYcZpeYlDehfQqSIa', '1990-7-17', 19060961, NULL, 67441869);
INSERT INTO Message VALUES (33130007, 'YmTwQZLPKuamvIrabpggYtcVqzZqPiZesipXbHRGkoXPlcacKnPaSTscQSTAxZCRHWFSIAXCkvHYBBjHrwgFFMPTqCHUopVzrGVF', '2004-6-13', 42218193, NULL, 91147071);
INSERT INTO Message VALUES (29332583, 'AfKCtEhKFGTpRvMRyNJpJzXglIyqLNXBHwGDvLbsKSOxwDgqoAbWitcIPzONWBWQUDoHKGPSbYdIIjGzURIAlfkgEdRkDXdxYWSD', '1965-11-17', 10103089, 73438163, NULL);
INSERT INTO Message VALUES (13868002, 'sDbXoXnMzeEeaJREQPRlGafodftLrdbUedwwgiHrwKoAUyITliqZERnvInKDlsElYKVJKUCBkJeyuBhozaLcaHNmdTpLOhEKooHx', '1996-6-26', 86423389, 38283310, NULL);
INSERT INTO Message VALUES (84013221, 'gFDCXXGgeLQtnQnpYieycgBBFqCKSTWfdwGJsDKITEBzbKWXdwyhcXSISAvpbLGOpLngvLDuYXgrBLuZwcHoztXaOYQUrzdtxjAX', '2009-2-9', 78304851, 73438163, NULL);
INSERT INTO Message VALUES (74511516, 'IOsvtQvjJwNFjMdmlFHDYHUUvDuWjfqHWuTBmwRaJnwnUmZCQKGYANtJTEJAwkHoUMIfwLRBcqeqqlnQNhOBuFBGaKMEpZvxOnda', '2001-3-21', 61564979, 41054367, NULL);
INSERT INTO Message VALUES (82461444, 'OoSLGXVNqOEfdyeaRnodWrImSnFCEkdCoaZNxoVodwcdGTopZJlWqQHYtLUAxnpsccyKnATnIwkDrMhhJUBNDEXTDCptSjgWFPpP', '1964-2-23', 72019732, NULL, 67441869);
INSERT INTO Message VALUES (86103095, 'xEbQVJcSYGMijrpwOllOvtdpsnzEAUZwKCPrqdgHUaYdMPjUzlXtpjPBMNVnvNTIFawXaFZCnEHNGJRzTvhgSKgZjDfZRIMnwmrW', '2008-3-23', 81658869, 52534172, NULL);
INSERT INTO Message VALUES (19968215, 'lzQLYRPXPYqyAVqVrGNxTpHwnlRrfMLuvAktbGlacfdSHvSywVSXTekEuIecgBRKmaPAMDSJrtxVYqyovpPRjJJaRExmvxeelHvW', '2008-3-1', 43394595, 89665310, NULL);
INSERT INTO Message VALUES (29409394, 'OhMizodOaenCBZfaddRjnjcYHhMpNrWnqtfCFRuPkMMeluWupUnYyRYdKqxXTyaDZtUCUqKtYOKKvYhdwvywHBiZKQWcgdhIdfmw', '2004-9-13', 51172338, NULL, 22358886);
INSERT INTO Message VALUES (95777652, 'zmMIeEeIzrLRNVQebRpDTlKLkRLaWOzRMGBMyYsuTndDRhNGStMbDjcJeojxRRQKdqCfokgYKVusHMQElyotLYoquFIDNtOMYNYV', '1952-8-6', 41704795, NULL, 39829485);
INSERT INTO Message VALUES (45039031, 'zINIJzSpdxNnGCYIhzyzDxDLwYWIieiJJkCErqUHTMEHNRIepnhROdsrLVIecRvXjewbqgyWlyOJpsopxyjuJKfgocfmyUdgEEzg', '1976-7-11', 15605570, 41054367, NULL);
INSERT INTO Message VALUES (43629358, 'FfHqpclgKxUERbFIbDotHPWHEKcIEYCMzRCQEuKcHEcxBmSiukPASJvqKwLFghLJdotUMdHpCcRBqsXMpWnyBAtcGgyqQrlCeNtx', '1993-7-11', 10103089, 41054367, NULL);
INSERT INTO Message VALUES (51530107, 'miGSrgTegQPwTmQRDVNeEobCwaFvGsEGRslSEcDRqFveIeGEbjBveTIxlDdMZwvWDKHTiysLsVInlvluXGqJDfVvoFuWZVEgtSLc', '1976-3-7', 42218193, 73438163, NULL);
INSERT INTO Message VALUES (68565789, 'NSHorPTlWoxUPDbQwwYjNnvKLkfRDsxfasPvMmSPexkMNjgXSKjMfPhXNlnqoPzEAOXPwkiGtfyohfLOQLNjVobkfcCZsZETBDva', '2006-11-8', 38426423, 73438163, NULL);
INSERT INTO Message VALUES (55373638, 'ZdHqbcoasqzpJTPoiNKFHJVwEJfGYpoyBUzKyoHvKAwUBLNopuxdbYjERtzqvHCvvNgQfhdMgEwnuwfovCReaPZSvliIffJynLGK', '2000-6-11', 48959607, NULL, 72831530);
INSERT INTO Message VALUES (78030649, 'bXaWMWILQzjJbKxucupCfIMJzaGmKAPemJMzPqcRyaiCrfIspOtXWlnyyWAkOKNrvZNWLlNpeKVTokPctWzZGSERKppfrJEMnEIC', '1977-9-17', 91712518, 98009564, NULL);
INSERT INTO Message VALUES (37992773, 'jzXJYJrtiduSXfLVqpPFzIIxlsaaXthujVgCKJnDhBGEQTcgbtUmjBQSdVvkwdOweYQrbyEvUTntldMdddGlTBVmXYywsBSRjlLM', '2005-5-10', 96562547, NULL, 69171759);
INSERT INTO Message VALUES (96678971, 'MwnFxksFtYUfLyNAsoMlaPVeKKsfAifybMXfmITkXEmwfnWOjABCChTjBOnRHIjnHPMJnbtfSFnAgcVVJpCFKILzWLHnsABNNEKM', '1961-7-4', 35032784, 38283310, NULL);
INSERT INTO Message VALUES (21159860, 'yOPGbCIELefnxBhvqfHnteVGoPldONhFAIKjNdUjrudcogyJUOtAimpzNTCkCiVBPdWYVNgrQtQYydkiXEsSuCwxNuKrbBRmdHYB', '2002-8-17', 37550074, NULL, 41704795);
INSERT INTO Message VALUES (52616134, 'XHgSvrggIblrRhfpeUKbXobyGGLFYsHLOrmtGcxnHVrGebrIkJIffcrQhfiaIkPTMuBvklSCYnWCWgHWOSWhsrTfckXDvOZDIQMU', '1957-2-2', 91147071, NULL, 41855555);
INSERT INTO Message VALUES (89262571, 'qgEsklhNpqADIwJQxJroGSieUqaROnBhGLURLGpJGizrJJGUSsayQtINQRLGgepmciFLPfwqNBtPUYcESKSHAwfKuPqtZHdLrZeL', '1977-1-3', 53418984, 52534172, NULL);
INSERT INTO Message VALUES (81696858, 'BPRybjIakGpSdKTWFPJGUXiAnKJJmxXMIdSHokodySuQYLANjHPDhoBlPCZZbFWOfObRzsrbNqUgCfeAsEpruPjbncjjSMEnLfCI', '2011-6-23', 40053648, 38283310, NULL);
INSERT INTO Message VALUES (17340069, 'CHqCqmqWCQelPCdKsCAjtubrhOzAdfBmNVNmyBmRtflGvIoVEahrVPKcqKlKYcWaZRSEdiEKpUVfBLjEqEYyAIeJRMEbrcRYCWDT', '1969-4-10', 72831530, NULL, 46103342);
INSERT INTO Message VALUES (43232800, 'NwGCjPdPyesMIMfDAfmAFhXKdFJLYPTxMCmXDsmfLFJBUcyRybNxmhVDtAPFghBxJOWtJFZmdYjuQJzMzuAfgkGfABNfzWLhXIAc', '2009-10-5', 83601375, NULL, 41706949);
INSERT INTO Message VALUES (96138605, 'FwPfGgtVTULJHkBaexvKFHZchlDPhlVAyVmLcMCrPsEiudyJwCyeFxdtAGMOetpkDTzZzyILJoXFOpfThLWyObmGcLqqhwdXOyeQ', '1982-2-16', 35032784, NULL, 12845833);
INSERT INTO Message VALUES (15629910, 'qDraFknGtHmWcSOgvOOrjwrGkMMRIzvqpPVflTFZSqzajUiiGwFqChuGyPBYPQXJWdzOMCLapXxyCiyzPeAmALCGGXbjPIkBbmFm', '2007-3-7', 43394595, 42177918, NULL);
INSERT INTO Message VALUES (16793698, 'oSOKLsDVyeJEFyKtiElOzlMdlZaqdgUTCwPppHPkFUIeLUFjYgKleCAqKNBzbQVDscFKnaVTEwHBHFVWIsESTzeUujwnJHpzweHf', '1970-4-7', 10026858, 34051150, NULL);
INSERT INTO Message VALUES (27284670, 'ABGZLaMbKqJTGcXtbVTspSYEDWorucHwVjNTGnDwWmwvrkiorTNaiEtYthuPQMmbtYILHSlDnozroGDCemRmylMfnamtPSgTMxjg', '1983-5-8', 22358886, NULL, 94762544);
INSERT INTO Message VALUES (89560312, 'ORBhPMSxGraJLHvrIzVcqJzeVkzBIUgIjadBEuXatMfrlHNVCqvNgZMeYDeLSHOHYbQepMfeVyMExDzVutjPKdcTTVQubmOzCfuK', '1983-6-1', 23518172, 34051150, NULL);
INSERT INTO Message VALUES (91804711, 'DHccmkmHVRYeqfwuPxeMVfpCKAvjYcoxzCdmmjEubpaIeEOXJChgWlVBGiHamcoHFonNFSFDaKIcSEBPspmjZvYIHJIOPKQWDdRt', '1962-5-1', 12845833, NULL, 40770604);
INSERT INTO Message VALUES (33075721, 'fYBnLGWkUncHvJTEZEcLLktnXirbmhInsZFyeHzwtasgGRncZPHVjZpIvhfUgomGJkkyuYECmEjBffRUUEUCZMuRDnANBCLQiVam', '2012-5-14', 56614881, NULL, 37550074);
INSERT INTO Message VALUES (56211750, 'ZeCppFdGbFEeyEXwpgnIJRrvCCinOgebKoEoqLwhcPjikOevHXVhwOJpOuoVheQbgYUvltBSQWSOgVntmpVyQkvXgLUfzPAoMBhn', '1971-4-17', 37550074, 34051150, NULL);
INSERT INTO Message VALUES (73023024, 'LCiNVyMKLCjvphenMQVPTqqPEOlFegPGWGoUUmXwgwmuRPeGjEZvKQOLtJiTuhjFHCjrAHfTALMySDhpVwPgNRtJpuywOZMOCRfI', '2011-10-23', 28612531, NULL, 12383120);
INSERT INTO Message VALUES (99901899, 'MIjAgKbTZENWIghDUqxzzkAjjZQaTFcWvtRJwYoWgCqaLeGQOqhxkiFRzdrpjJorGMcjNvNewJJDBFyaoKTvulWNekJXvrPDhZKJ', '1992-4-14', 26960865, 34051150, NULL);
INSERT INTO Message VALUES (31409365, 'JtigasVMEOSUJfTqwgrGRsuhqkKdfaImCmHadkhsqQbAWfjdiZZGsbtKEuPQMstLiUuRdLspGDxCdZRWLXQfJilDbsFMKuMyfBYZ', '2004-9-26', 56387722, 34051150, NULL);
INSERT INTO Message VALUES (23596482, 'XIIHFOoNBlrCqRKVuiJjArzzzuXoZqdJiaJmEkaIDwWmDtMCAUxEwbWUWSFhSgxxPvCuEutcnoyfjyUspRyNnlGKQbtGRbzdERLM', '1963-5-7', 10026858, 41054367, NULL);
INSERT INTO Message VALUES (26941047, 'HiGsWtVTXreJpuizQJNhZUKCLFTlLgWINLnFQxTtkOBsvPYEYhgOiOWLUcAbDfTKrLwKCmqaNqqlhPJmyxftJYxmisiSdwBSxLCY', '1963-4-10', 73310718, NULL, 16668432);
INSERT INTO Message VALUES (75317770, 'yfzVqZBHJVYIxibXLOtRdrqOszmLyjmeBNhmBuNbWTCuXcWYPAmDRBETEiJWIIkLzyCAwsHUnwijURsVzKHPGJTbLhzkZNibWWIQ', '1986-6-13', 77607997, NULL, 42218193);
INSERT INTO Message VALUES (52848979, 'bCvcGvlOBisQDgoXMCOFEADGYCAsWuqfuEKayimSIEeibCfjEBPXjNlDWqRUTdoYgulLKvHVLozUzKzGyrTtVKHDoiRjsHaoMURy', '1996-11-18', 49079732, 34051150, NULL);
INSERT INTO Message VALUES (18314336, 'ZhetDPeJhVxgSWLZQOyhWGBCGDEvEPpIemoYXcFuHJfxrAYfOuYbelZHRujpnVWmByXEuRSGosPbAAfMyUhmnBLovbhVODGYCOTQ', '2002-10-3', 83601375, 61987414, NULL);
INSERT INTO Message VALUES (68628971, 'ppbLURobhcSenqHkDdWMfQQBQZPMfGsNPdzFdpXEmmgQXNQQDZlfOZPBdZkmNsQVOecKdGOhMubUgLzcPXPScCcuPQzqaVFpvnRf', '2008-6-6', 89107630, NULL, 51737192);
INSERT INTO Message VALUES (77363582, 'dqjpceYeTUyagoLqEXXJIrzsWzGyyFUYNyMGumpgeCYEsyvOrVODSrnjCKRkIWbSJcPjGGHbAICRZmcBFKvjqrVlAHDmgqQSwaRM', '1971-9-17', 41706949, NULL, 36638818);
INSERT INTO Message VALUES (91229258, 'oZxaqpQSRDruWkIrAgotcjzaBzABZJFCdyUWNmdbXInIIUYULtmaVKdjRnTJYwnhnUzYnLNHpVEklCOLqsFBKmcJduJtUeNcNQGK', '2012-7-8', 40770604, 34051150, NULL);
INSERT INTO Message VALUES (51032439, 'ABeOyjSGziwHGmqVpyMXxyUgLZFrBdEHkTzanHfpHSDZvPReXrfhUMsxROylsbMWmgQATnlzEZKECbFZRwTysNGIdMEegeCaiTmE', '1975-2-11', 51737192, 38283310, NULL);
INSERT INTO Message VALUES (20304631, 'YgufdplDkKOWKluRNMnkVMRVulBVCYbutjDIfiKXPFTjKRYqPgIgUQmRdajuoVZOYkHCOLpOZFyfnEGFZxlxDcFbwZadWsXCCyyG', '1958-3-21', 28374190, NULL, 84925818);
INSERT INTO Message VALUES (89806046, 'DpKXfFceIFZTyoSWwSloJtGRXrQcnJpMWanrCIBkIOScMyKVtvHhZGuZimMZPdoNvoGfOdRSsQydGHfGDwbFDTbXrHevdyNzGXzq', '1974-5-23', 40053648, NULL, 78304851);
INSERT INTO Message VALUES (57385743, 'yxfXMrNBgVXvogrvNHFARKGhbkicVKTsqWuWrHYZyKJLQzEybdgKJgxygjAZyRDjcnoUeGOPAnoFgMisQNjFZXKTjKrDVoZvQRDF', '1975-1-2', 27409519, NULL, 34929524);
INSERT INTO Message VALUES (63273511, 'fCwJaMYWWBWwUCrgNFtUBtPdEIRjplvAsdGNeeiMtBkLZVOaykaoFlzPnLDQgrpPuhNBbiJdIkrZAPdOfhoXqNCFUMIyTOkxcHvF', '2012-11-14', 84925818, NULL, 54154967);
INSERT INTO Message VALUES (99962399, 'zgeYiIkElpQRNNlpkAPgqhjmfaRoIcagZmEaMvTGZJoMfppcILUahNYrmvuCjmGpllTrZbtpBAvxydxpEZNZEuprXQrgqZpeHacc', '2008-8-11', 51845175, 42177918, NULL);
INSERT INTO Message VALUES (62388886, 'MhhvapkRzstJxUxWWSbIobfogNsxpPsbBWkQlXrwMOCtqBdpmYTcMqBPWcHpcpGmdDDsYDneWTxVhXxqfuIkdUOyvLveUCdGNhGH', '1959-10-19', 67657169, NULL, 35032784);
INSERT INTO Message VALUES (87525045, 'lHqbeKbThhjiaXHdNExLupTTYRYeNVHBWIbVxOxPGRlpxCArQinEypglBWYgleVgEvywzguxTyYILlxldiPLxUdabkplxYVBNHbg', '1961-7-27', 86078637, 41054367, NULL);
INSERT INTO Message VALUES (66032603, 'TbjoCLiRTzItNozqtIOxxMFYeZlahEFCZnYQmCkAnBuYtoprXYltpbVOYvUqYWZaBQRptaFyJXDaFtCSDVPEWSLPfhdYjyivQBWu', '1975-5-14', 29514138, 38283310, NULL);
INSERT INTO Message VALUES (59893834, 'EavlqRGNhSbPWoBSKkrDYLbrjTQLoJKMMCKhOhTybiHdUnaDdOwEDFQTkeCjItwejxIyrWcmAsNRPWUnRyEBSxUCBaDMVeJBnmuH', '1954-10-7', 91712518, NULL, 67657169);
INSERT INTO Message VALUES (43662302, 'rDaZSfnDyOchKhGVHulWLPsYnHeSmzDTqsqcVlZHUAQBOFCwJIMstuyzjpcnOoTTEFYSLbVTjKSYdZLedeFiNhMXDuFodvhQSvjz', '1975-11-7', 67441869, 98009564, NULL);
INSERT INTO Message VALUES (29976590, 'oyXdBLmcGEfyKyMzpLjwWPBWJSVBBnNGRIdMrNwHsICtRoaJaLQVAbuNUdJUxJqErbTazsSgaUlePVGZmZtUsWfIDPOvEJQxXIRj', '1956-5-20', 26960865, NULL, 24356913);
INSERT INTO Message VALUES (70224748, 'XXXoVCNxLNZrfnBDdDQzraUEvKUyJHrHuiHpUtkciUoNoSxCoqXuwrCwRYGiPOiWbYfxZiOQxeOuxpekaKDzieeXftJVthrZYEIK', '1998-4-22', 72831530, NULL, 27409519);
INSERT INTO Message VALUES (79558386, 'TmWJHvtvzewYIAJABbPhSYJuvAOYcxZOFoGvBscEBehpPltOYZqqoTmdbolHQqsmEolJhmxHCDxkEUaJTFlAmCaqppnuYnprnbTR', '1958-2-3', 53418984, NULL, 63370045);
INSERT INTO Message VALUES (60279184, 'YpVrSZqPpFUuGigjfBfwFbpehqCnpNrphQJCvVrpGCqvcJKCMBlBwvGQGvFYHwDApVsmTjKnhzqgKDRzwtgbnBJSoqBLxzArZygK', '2003-10-16', 31390718, 61987414, NULL);
INSERT INTO Message VALUES (46354809, 'CQnWFsHsgSvPjTaIwyiMVeUKUEbZDHSJTFRPdmhnamXutQjuANTotzLHORZbfSwiSvEHArbuEdmRnwrZFcWwdOSQcLnthnNQNtxy', '1974-9-20', 38426423, 52534172, NULL);
INSERT INTO Message VALUES (24951029, 'SJyyqQOFyZHtWoLUZaBZHyytfYtOnKGGpoiggsLYBgRmcEEkvvaNgCSycdELFOlFlVMCRUszWuGGcYOJyMEDVbDBbVKYqeSRVISM', '2012-2-27', 34929524, 52534172, NULL);
INSERT INTO Message VALUES (59792604, 'MRTtECcIATZjfLtpJpxKjCBOIdzfRCovFTpMgycCojZonPzzDFpnivFqEEOcpXJzBELOaPgCDUdHtmdPVyJJFFwfqheueOrcOnmu', '1975-5-21', 43615315, NULL, 37550074);
INSERT INTO Message VALUES (46654565, 'apyLQLAxOQsisJssuJMdMgNMUWpQyBbHtFpEefpWUcqzzDjBgFJITYZsKatIGwBZeGGESmxQxbGViTPokSNCaeXYvuHbzYGsTqtL', '1989-7-10', 55928230, NULL, 91712518);
INSERT INTO Message VALUES (61652411, 'rRHxAsaLlfwmPLercRPKmLxSkpPHbmjqktpfFmjABGylocXQHuZFZmLArBdKntOOPMYRXPuDvhiUOOfYKErqHGkrMYMzPcPwKARZ', '1975-9-18', 86423389, NULL, 77464151);
INSERT INTO Message VALUES (45100320, 'MyJSEqXTpEgROdmobdxqxAwwbfeTIavawaUrGObGacaWBNzxuwnVdlVoXXbuADGkMvrkRdFrrxSzjrrDrBzRMKkMdHwrpFNbavFk', '2003-6-22', 48959607, NULL, 43615315);
INSERT INTO Message VALUES (80826429, 'aWiuMWUZVozdcIXydQEaENPnUvrnmJvCUuMKGsWEYUYKFCeDedbjLJPvQSyeoWXWHWiBcuKwgKBOnuGXGZwPdCRJaGFLOaSHyEbm', '1987-9-20', 73310718, NULL, 86423389);
INSERT INTO Message VALUES (10119224, 'wNxKMqYJpEYzsXSZaTSFSEEwClrSboKkbPYzDvQcroplflqRJFlnDOoPxccLPrcIIHpHbuLxtdnJBsLJMYeWioxHPIUEGudVjOca', '1976-9-23', 16668432, NULL, 89107630);
INSERT INTO Message VALUES (17497884, 'pZNjxenDsOdLlwjIONyEUODzLZwywtfYdNtgtTSAtgaPRwiFxUbkdDmPRUdMVNLSVIRtQqicDDjCXEAFEttRKeUgiShXdkVktSoQ', '1955-11-17', 84925818, 98009564, NULL);
INSERT INTO Message VALUES (83907136, 'eezqUSdbOFYSLseQRqVytDRdjyvDqnRQEuKWQzufbOzECdxDHTvzvBCBvEiTqnPqapRXgBlFkUHcZfPjSpOaXswSbBreRbsuSeqG', '1975-7-16', 38140829, NULL, 47865396);
INSERT INTO Message VALUES (75024869, 'XAIyHYrkjQbboIpptThPBouDjgZCHFuccXrbMFfONaiuqtzlKXoUnsnaGFiZObjbsxOWEAnLMrizpOfcSAAZjeFwDYSgnbynVuQh', '1977-10-21', 75863796, NULL, 54154967);
INSERT INTO Message VALUES (92461719, 'nJZPAyyzMlWIqjVzsIlgQQQvyIAfHHeqNaPlxHhpTpyzXDVjrTDXSdkTegWWHndMCMaDtIVLvIBmDpXQgiFyqHRogbzwBDrPZsms', '1961-2-27', 51530651, 38283310, NULL);
INSERT INTO Message VALUES (33289515, 'ujBEYSPhDDdvrIdNMqkRixZUQAwmILsyGmmVUOsgpiOxlKyeLoLUzsaUjXxWcstQcfXAOOwaaXEoGlvJzhgDPiAwWjFewsjBpaYr', '1966-2-10', 38426423, NULL, 84805172);
INSERT INTO Message VALUES (64737515, 'ghkPNgpQjAudSKQMCwvEsWNJvDwNVYzgncfeoxxCSEYiOYORXMgSBaCWnksmJYJdRyeqniPpvsBprbewJZqmPQErnfhiUladPmod', '1960-10-21', 51845175, NULL, 41706949);
INSERT INTO Message VALUES (74122182, 'cVDKbplbAyVQqJwHpaeLZksaIHcEOCanqImhcudlovGKesuhJaXtWgIekUeaMYsODEwFMtnfFNOhwCmbEPSJbJMjNjHsoDHcpPfa', '2002-10-8', 10103089, NULL, 69830849);
INSERT INTO Message VALUES (91650672, 'sKtKVoGWhsYeALlGdhWtGeihMzjYNpPZONOXbxxHyLbpNJrDotInSlhEvdOWFKQevEGtxcNunNinfWAuxkUnrNUhxhevTXCAoBFJ', '1956-8-9', 38140829, NULL, 77168859);
INSERT INTO Message VALUES (80886131, 'GoxvQdbrabxIFCXdUXvvkhXOaHkuAIDkXxJiogkJAiULZqSXGIcFAnCLglpINVeXqKhNNaryMSqByOcploaiZmOkZKsSNIXCRJAf', '2012-1-4', 39829485, 34051150, NULL);
INSERT INTO Message VALUES (93041432, 'GoRJURLWaYDYZKCVREKmHVIIffHyKJsrxXJKnjcsqeMvKYkmavjrDBTKUuKkmrAnXkkBkRXTmLQEujitpukJGrSIWSeUWrxGrqMk', '1993-9-15', 31390718, NULL, 34627669);
INSERT INTO Message VALUES (28242837, 'FcxayjiaPuVNMTTDJOuRIoOeaxJGBOLOidxTBOjlkqxJDtorEEeLuatQIVBdrizPYPAockxvVCemovDiPcqKmJvvBiLxpXzAMYfe', '1986-2-20', 69034544, 89665310, NULL);
INSERT INTO Message VALUES (46919638, 'TiMJNoIaTWQiYrZYGCwpLlIBYYXRiQeUDCcYPykrNeBTbsVrtItWwTZRkjorJPMhjQBHgntMeyLhGqdFkjyETseLzjtcHYbVjtoy', '2010-7-16', 77607997, NULL, 15605570);
INSERT INTO Message VALUES (53019993, 'XizfbrmYAyaFHMkRwmPhNTPXWsdVwHBvZjXgdSrGWfbJhSUzffxeUgCWLNCjynXQXnNUaSXGKvFoYHOvXwvIRyYKoTfCowokkCHF', '2017-10-4', 12383120, NULL, 16668432);
INSERT INTO Message VALUES (76262111, 'TBVXxFpbAYqgPjMIoSrrGldgUGPRyOyKxVxDwKRZmkZtqtVegMiPszVUyoxOSGQGMqBbDnoWumsoUZkwWlKocMfnzpgyGCFDJrZh', '1958-2-18', 63370045, NULL, 84805172);
INSERT INTO Message VALUES (64195263, 'QLlakHLXZGWuOnJiaAdFHQvfFjRVeXydkIHQCUIUgjpnjAHwxEeZQByAHaCnhkEQDuOJxFhTxIfwRoAMklwqUwjUbyJDsmYpMWMa', '1991-1-14', 80289401, 61987414, NULL);
INSERT INTO Message VALUES (77208778, 'wKhHCDFgNTQeRnckUlxSOdeuJpYsmyrQnasxweYWPPgpRAXQanIyQcLJJUpqcMFiDGltYeFuPNwqDltNBQlUggtyAJgDjLkRnRLu', '1993-7-15', 96325602, 73438163, NULL);
INSERT INTO Message VALUES (89720178, 'EmZETmpTMBsLOXGSkENKRvTNicivNZgMnauLjXyqrGWCdyPMaaegNjQxNlLLsvFFSbJbmikTnWzSPbOyaVwHATKtibgwsfzASTxz', '2003-5-22', 31390718, 73438163, NULL);
INSERT INTO Message VALUES (18793418, 'EkhSACHDKfjLhtmBwwEBLzGANlZaNQQQvDpnkMTUMaQuluhlhtFAYFQrzdmssEOFJjdlgXktgDnZuZUWNadZHKIMrqfXNstrqaZM', '1968-9-24', 10191253, NULL, 37550074);
INSERT INTO Message VALUES (17741321, 'nKivjAXBFECeFKFfAGzRrrYlWheUmJcXuEEOownWFxRBPHyFkACtsuRZJEDXWttcWwlBEhDvpAYquRhptZYncIBQHrJnjpUTjCHP', '1982-8-11', 83894295, NULL, 43725651);
INSERT INTO Message VALUES (45503841, 'BdpBbjdRELyKOcmdCeckGEywZLuNbpBWjfqfsumkMIyKFZGwUKRordFsAnRsFEVMDwrqMklJYImhocRRmNpQOfMEzunMzoXyOlOu', '1982-9-11', 15605570, 89665310, NULL);
INSERT INTO Message VALUES (14447336, 'dMKnIHHUWaDDtMWVNOkVNQtDxqbIqDopEeHLySiEXbnQFczgdmsldMGvBFcjiubgbXyKzZCpAgEiLstiXcklfnctyVDubxhnrsEJ', '1982-1-15', 96562547, NULL, 28612531);
INSERT INTO Message VALUES (68786601, 'PxEDWwTPgdBjkpNybBoDiLDMGesKqPiWwVGEnnWtHobAoigkJdUqtaMZDjokrKbvWOQbyOKDfPRqgLhqrnArkQfiIxVxQKxNdwUs', '1961-11-18', 41704795, 89665310, NULL);
INSERT INTO Message VALUES (60594479, 'eDzgQOZsvOWeaxywyOWIqIrahQlCVSVqizOlOnyAMDmAtEEQeZOcnhpqnudIJNrNVUATDdgUUZUFDVMnCZPISSlBUwPqbJWRkLxv', '1995-2-8', 40939760, NULL, 40770604);
INSERT INTO Message VALUES (19129455, 'tSJTSTsEFVqnqzNQVGgsBpYiqKyhklDnopidRFrhwnlRZhefHxkixmTdtRxZAYIqQnWXcPsylWxEdvYMEEvBtilpqDhrPAtcNdKv', '2007-6-8', 93272550, 34051150, NULL);
INSERT INTO Message VALUES (39867262, 'JlJwHmKhwdvKacpXeHvjzECrhRUcYFKdKCHgKhkfjjSswnvgyFRmmkxMlovHvXYiPwjayOBTqnjeMZGIbDfRRFdmBbSclwbuKVmt', '1956-10-13', 84805172, 98009564, NULL);
INSERT INTO Message VALUES (42331657, 'POciHGYWZkLUkoHoDwnUOWSIdRuyGeLHdrhKhQelpcbXWaGsCrHpUObLXScmLTpJDgRPOVXGLKzPqNgSEIdPwWUUVzfQtnCPZtrm', '1970-10-9', 10191253, NULL, 72019732);
INSERT INTO Message VALUES (25172674, 'olDqvwSXUzIfhDqoaGKSdDFHQLQdfmJOhvwVVMPVFAGbkhMOJydEtWpNrcwlymhiAQcSDUsGyIZqfWpXFKDgckdJPNQhRAHyKGPf', '1969-5-13', 69830849, 52534172, NULL);
INSERT INTO Message VALUES (81903412, 'PYCqYppuKecosrwHjytuYxBtmQGqPIOaNYaEtovyKUbGUDTgDzewWwRCpmEiJmmyCbWQpCPdvNnvJWCwegvFzRAMwkoUvSKQLUDL', '1961-8-13', 94762544, 42177918, NULL);
